symbol,kind,session_code,anchor_date,cluster_high_high,cluster_high_close,cluster_low_low,cluster_low_close,session_open,session_close
ES,darkpool,AR,2008-01-04,1427.5,1427.25,1422.0,1422.5,1422.25,1427.25
ES,darkpool,AR,2008-01-11,1414.5,1414.5,1411.0,1411.5,1412.5,1414.5
ES,darkpool,AR,2008-01-18,1328.75,1328.5,1323.5,1325.25,1328.5,1326.5
ES,darkpool,AR,2008-01-25,1332.0,1331.5,1328.25,1329.0,1329.5,1329.0
ES,darkpool,AR,2008-02-01,1398.5,1398.5,1395.75,1396.0,1396.75,1396.75
ES,darkpool,AR,2008-02-08,1328.75,1328.5,1326.5,1326.75,1327.75,1328.5
ES,darkpool,AR,2008-02-15,1349.75,1349.75,1348.75,1349.0,1349.5,1349.25
ES,darkpool,AR,2008-02-22,1364.0,1363.25,1360.25,1362.5,1360.5,1362.5
ES,darkpool,AR,2008-02-29,1324.5,1324.0,1323.0,1323.0,1323.75,1323.0
ES,darkpool,AR,2008-03-07,1290.25,1290.0,1286.75,1287.0,1288.0,1290.0
ES,darkpool,AR,2008-03-14,1306.0,1297.5,1270.25,1272.0,1303.75,1272.0
ES,darkpool,AR,2008-03-21,1332.0,1331.75,1327.5,1327.5,1327.75,1331.75
ES,darkpool,AR,2008-03-28,1323.25,1322.5,1320.25,1320.75,1321.75,1321.5
ES,darkpool,AR,2008-04-04,1374.75,1374.75,1372.5,1373.25,1373.25,1374.75
ES,darkpool,AR,2008-04-11,1332.75,1332.0,1328.5,1328.5,1332.75,1329.25
ES,darkpool,AR,2008-04-18,1390.0,1390.0,1388.5,1389.0,1388.5,1390.0
ES,darkpool,AR,2008-04-25,1396.75,1396.25,1394.25,1394.5,1396.0,1396.0
ES,darkpool,AR,2008-05-02,1414.0,1413.75,1413.0,1413.25,1413.75,1413.75
ES,darkpool,AR,2008-05-09,1391.75,1391.0,1389.0,1389.0,1389.0,1389.75
ES,darkpool,AR,2008-05-16,1425.5,1425.25,1424.25,1424.75,1425.25,1424.75
ES,darkpool,AR,2008-05-23,1377.25,1377.0,1375.0,1375.25,1375.5,1376.25
ES,darkpool,AR,2008-05-30,1400.0,1400.0,1397.75,1398.0,1400.0,1398.0
ES,darkpool,AR,2008-06-06,1360.0,1359.75,1358.0,1358.0,1358.75,1359.75
ES,darkpool,AR,2008-06-13,1361.0,1361.0,1359.25,1360.0,1359.5,1361.0
ES,darkpool,AR,2008-06-20,1322.75,1322.5,1321.25,1321.5,1321.5,1321.5
ES,darkpool,AR,2008-06-27,1282.5,1282.0,1280.75,1281.25,1281.75,1281.5
ES,darkpool,AR,2008-07-04,1260.0,1260.0,1257.5,1258.0,1260.0,1258.5
ES,darkpool,AR,2008-07-11,1252.75,1252.5,1248.5,1249.25,1250.75,1252.5
ES,darkpool,AR,2008-07-18,1260.75,1260.5,1260.0,1260.0,1260.25,1260.0
ES,darkpool,AR,2008-07-25,1256.25,1256.0,1252.75,1253.25,1255.75,1253.75
ES,darkpool,AR,2008-08-01,1262.75,1262.25,1261.0,1261.25,1262.25,1261.25
ES,darkpool,AR,2008-08-08,1293.0,1292.75,1290.75,1291.0,1291.0,1292.75
ES,darkpool,AR,2008-08-15,1298.75,1298.5,1297.25,1297.25,1297.5,1297.75
ES,darkpool,AR,2008-08-22,1289.75,1289.0,1287.5,1287.75,1289.75,1288.75
ES,darkpool,AR,2008-08-29,1282.5,1282.0,1281.0,1281.0,1281.0,1282.0
ES,darkpool,AR,2008-09-05,1274.25,1273.75,1269.75,1270.25,1272.25,1273.75
ES,darkpool,AR,2008-09-12,1231.0,1228.75,1222.25,1222.5,1231.0,1222.5
ES,darkpool,AR,2008-09-19,1239.5,1239.0,1231.0,1231.25,1233.0,1235.75
ES,darkpool,AR,2008-09-26,1218.75,1218.25,1212.0,1212.5,1216.0,1218.25
ES,darkpool,AR,2008-10-03,1094.5,1093.5,1088.5,1088.5,1089.25,1090.5
ES,darkpool,AR,2008-10-10,931.0,928.5,923.25,924.0,927.0,926.75
ES,darkpool,AR,2008-10-17,942.0,942.0,935.5,937.0,937.0,940.75
ES,darkpool,AR,2008-10-24,883.0,879.0,867.0,868.5,868.0,873.5
ES,darkpool,AR,2008-10-31,971.0,968.75,966.0,966.25,968.25,968.0
ES,darkpool,AR,2008-11-07,957.75,956.25,951.25,952.0,956.75,952.0
ES,darkpool,AR,2008-11-14,857.5,857.25,850.0,852.0,852.25,857.25
ES,darkpool,AR,2008-11-21,798.75,798.5,792.75,793.0,798.0,796.5
ES,darkpool,AR,2008-11-28,886.5,886.0,883.5,884.0,884.5,884.75
ES,darkpool,AR,2008-12-05,874.25,874.0,871.5,872.0,872.75,874.0
ES,darkpool,AR,2008-12-12,891.5,891.25,887.25,887.5,889.0,889.0
ES,darkpool,AR,2008-12-19,891.5,890.75,886.5,887.25,887.0,889.75
ES,darkpool,AR,2008-12-26,867.25,867.25,865.0,865.5,866.25,866.0
ES,darkpool,AR,2009-01-02,925.25,925.25,922.25,923.0,923.0,924.5
ES,darkpool,AR,2009-01-09,883.5,883.5,881.75,881.75,882.75,883.25
ES,darkpool,AR,2009-01-16,861.5,861.25,860.0,860.25,861.0,860.75
ES,darkpool,AR,2009-01-23,818.5,818.25,816.75,817.25,817.5,817.5
ES,darkpool,AR,2009-01-30,824.5,824.5,822.5,822.75,824.25,823.75
ES,darkpool,AR,2009-02-06,862.0,862.0,859.0,859.5,861.5,859.5
ES,darkpool,AR,2009-02-13,816.25,815.75,814.5,814.5,815.25,815.25
ES,darkpool,AR,2009-02-20,771.75,771.75,764.25,764.5,764.5,771.75
ES,darkpool,AR,2009-02-27,728.0,727.25,725.25,725.25,727.75,725.25
ES,darkpool,AR,2009-03-06,693.0,692.5,689.5,691.0,690.25,691.75
ES,darkpool,AR,2009-03-13,749.5,749.25,747.25,747.5,749.25,748.75
ES,darkpool,AR,2009-03-20,773.0,772.75,767.25,767.5,770.25,772.75
ES,darkpool,AR,2009-03-27,814.0,813.5,811.25,811.5,813.75,812.5
ES,darkpool,AR,2009-04-03,845.25,845.0,842.5,842.5,843.75,842.5
ES,darkpool,AR,2009-04-10,847.5,847.25,845.0,845.25,846.0,846.5
ES,darkpool,AR,2009-04-17,863.5,863.0,861.5,861.75,862.25,861.75
ES,darkpool,AR,2009-04-24,855.75,855.5,851.5,852.0,854.0,852.75
ES,darkpool,AR,2009-05-01,880.75,880.75,878.75,879.0,879.75,879.5
ES,darkpool,AR,2009-05-08,923.0,922.5,919.75,920.0,920.25,920.25
ES,darkpool,AR,2009-05-15,882.75,882.5,878.5,878.75,882.5,878.75
ES,darkpool,AR,2009-05-22,889.75,889.5,886.0,886.25,886.25,889.5
ES,darkpool,AR,2009-05-29,918.75,918.75,916.75,916.75,918.75,917.5
ES,darkpool,AR,2009-06-05,939.25,939.0,936.0,936.0,936.75,938.5
ES,darkpool,AR,2009-06-12,937.75,937.5,935.5,935.5,937.5,935.5
ES,darkpool,AR,2009-06-19,915.75,915.25,914.25,914.5,914.5,915.25
ES,darkpool,AR,2009-06-26,912.5,912.25,910.75,911.0,912.25,912.25
ES,darkpool,AR,2009-07-03,890.0,890.0,888.5,889.0,889.75,889.75
ES,darkpool,AR,2009-07-10,877.5,877.25,875.5,875.75,876.5,877.25
ES,darkpool,AR,2009-07-17,935.5,935.0,934.0,934.0,934.25,934.5
ES,darkpool,AR,2009-07-24,976.75,976.25,974.25,974.5,975.25,976.25
ES,darkpool,AR,2009-07-31,985.5,985.0,982.0,983.25,985.5,984.25
ES,darkpool,AR,2009-08-07,1006.5,1006.0,1003.75,1004.0,1004.25,1005.0
ES,darkpool,AR,2009-08-14,1003.25,1003.25,1001.5,1001.75,1003.0,1001.75
ES,darkpool,AR,2009-08-21,1027.0,1026.5,1024.5,1025.0,1026.5,1026.5
ES,darkpool,AR,2009-08-28,1030.5,1030.5,1025.0,1025.25,1025.25,1030.5
ES,darkpool,AR,2009-09-04,1013.5,1013.25,1012.25,1012.75,1013.5,1013.0
ES,darkpool,AR,2009-09-11,1039.25,1039.0,1032.0,1032.5,1038.75,1032.5
ES,darkpool,AR,2009-09-18,1060.75,1060.5,1059.25,1059.5,1059.25,1060.5
ES,darkpool,AR,2009-09-25,1041.0,1040.5,1038.0,1039.0,1040.75,1040.0
ES,darkpool,AR,2009-10-02,1024.75,1024.25,1021.0,1022.0,1023.5,1023.5
ES,darkpool,AR,2009-10-09,1071.0,1070.75,1067.0,1067.5,1070.5,1067.75
ES,darkpool,AR,2009-10-16,1080.25,1080.25,1076.25,1076.75,1079.75,1076.75
ES,darkpool,AR,2009-10-23,1077.25,1077.25,1075.75,1075.75,1076.75,1076.0
ES,darkpool,AR,2009-10-30,1038.25,1037.75,1034.5,1034.75,1034.5,1035.5
ES,darkpool,AR,2009-11-06,1071.0,1070.75,1067.0,1068.5,1067.25,1069.75
ES,darkpool,AR,2009-11-13,1097.25,1097.0,1095.0,1095.25,1096.5,1096.75
ES,darkpool,AR,2009-11-20,1094.0,1093.75,1092.5,1092.75,1094.0,1092.75
ES,darkpool,AR,2009-11-27,1098.0,1096.5,1092.0,1093.0,1092.5,1096.5
ES,darkpool,AR,2009-12-04,1110.75,1110.25,1109.0,1109.0,1109.0,1109.25
ES,darkpool,AR,2009-12-11,1109.0,1109.0,1107.0,1107.5,1107.5,1109.0
ES,darkpool,AR,2009-12-18,1099.25,1099.0,1098.0,1098.25,1098.25,1099.0
ES,darkpool,AR,2009-12-25,1120.0,1119.75,1119.25,1119.25,1119.5,1119.5
ES,darkpool,AR,2010-01-01,1116.0,1115.75,1115.25,1115.5,1115.5,1115.75
ES,darkpool,AR,2010-01-08,1146.5,1146.25,1145.0,1145.0,1145.75,1146.25
ES,darkpool,AR,2010-01-15,1131.5,1131.25,1130.0,1130.0,1130.75,1130.75
ES,darkpool,AR,2010-01-22,1097.25,1097.25,1095.5,1095.75,1096.5,1096.0
ES,darkpool,AR,2010-01-29,1073.75,1073.5,1071.25,1071.5,1073.5,1071.5
ES,darkpool,AR,2010-02-05,1061.5,1061.5,1058.75,1058.75,1059.0,1060.5
ES,darkpool,AR,2010-02-12,1077.0,1076.25,1075.5,1075.75,1077.0,1075.75
ES,darkpool,AR,2010-02-19,1110.0,1109.75,1108.5,1109.0,1108.5,1109.75
ES,darkpool,AR,2010-02-26,1109.5,1109.25,1105.5,1105.75,1109.25,1105.75
ES,darkpool,AR,2010-03-05,1137.25,1137.0,1136.0,1136.25,1137.0,1136.5
ES,darkpool,AR,2010-03-12,1145.75,1145.75,1145.0,1145.0,1145.25,1145.0
ES,darkpool,AR,2010-03-19,1151.0,1151.0,1149.5,1149.5,1150.0,1150.0
ES,darkpool,AR,2010-03-26,1166.25,1166.0,1164.0,1164.0,1166.0,1165.25
ES,darkpool,AR,2010-04-02,1179.75,1179.5,1178.5,1178.75,1179.75,1179.25
ES,darkpool,AR,2010-04-09,1198.0,1198.0,1197.0,1197.25,1197.75,1197.75
ES,darkpool,AR,2010-04-16,1188.25,1188.25,1186.0,1186.0,1186.25,1188.25
ES,darkpool,AR,2010-04-23,1212.75,1212.75,1210.0,1210.25,1210.25,1212.75
ES,darkpool,AR,2010-04-30,1189.25,1189.25,1186.5,1186.75,1187.5,1187.25
ES,darkpool,AR,2010-05-07,1130.25,1129.25,1121.5,1122.75,1124.0,1128.5
ES,darkpool,AR,2010-05-14,1134.75,1133.5,1129.5,1129.5,1129.5,1130.25
ES,darkpool,AR,2010-05-21,1084.5,1083.75,1078.25,1078.25,1083.75,1078.25
ES,darkpool,AR,2010-05-28,1094.75,1094.0,1089.0,1089.5,1090.25,1093.5
ES,darkpool,AR,2010-06-04,1064.5,1064.0,1057.0,1057.75,1060.25,1058.75
ES,darkpool,AR,2010-06-11,1095.25,1095.25,1093.5,1094.0,1094.25,1095.0
ES,darkpool,AR,2010-06-18,1127.0,1126.25,1122.5,1123.0,1122.5,1126.0
ES,darkpool,AR,2010-06-25,1076.5,1076.5,1073.5,1074.0,1076.5,1074.0
ES,darkpool,AR,2010-07-02,1017.5,1017.25,1013.25,1014.25,1013.5,1016.25
ES,darkpool,AR,2010-07-09,1071.25,1071.0,1070.0,1070.0,1071.0,1070.75
ES,darkpool,AR,2010-07-16,1063.0,1062.75,1060.75,1061.25,1062.0,1061.25
ES,darkpool,AR,2010-07-23,1101.5,1101.0,1098.5,1099.0,1100.5,1101.0
ES,darkpool,AR,2010-07-30,1106.75,1106.75,1103.0,1103.0,1103.0,1106.75
ES,darkpool,AR,2010-08-06,1119.5,1119.0,1116.5,1116.75,1118.5,1117.5
ES,darkpool,AR,2010-08-13,1077.25,1077.0,1071.25,1071.25,1077.0,1072.0
ES,darkpool,AR,2010-08-20,1073.75,1073.5,1072.0,1072.0,1072.0,1073.0
ES,darkpool,AR,2010-08-27,1067.75,1067.5,1066.0,1066.0,1066.5,1067.0
ES,darkpool,AR,2010-09-03,1105.75,1105.5,1103.0,1103.0,1104.0,1103.5
ES,darkpool,AR,2010-09-10,1118.0,1117.75,1115.0,1115.0,1115.0,1117.75
ES,darkpool,AR,2010-09-17,1118.25,1118.25,1117.25,1117.5,1117.5,1118.0
ES,darkpool,AR,2010-09-24,1148.75,1148.5,1147.25,1147.5,1148.5,1147.75
ES,darkpool,AR,2010-10-01,1140.5,1140.25,1139.0,1139.25,1140.0,1139.5
ES,darkpool,AR,2010-10-08,1165.0,1164.75,1163.5,1163.5,1164.5,1163.5
ES,darkpool,AR,2010-10-15,1173.25,1172.75,1171.75,1171.75,1173.25,1172.0
ES,darkpool,AR,2010-10-22,1184.25,1184.0,1181.0,1181.25,1181.25,1183.25
ES,darkpool,AR,2010-10-29,1187.5,1187.0,1185.0,1185.5,1186.25,1186.0
ES,darkpool,AR,2010-11-05,1222.25,1222.0,1219.5,1220.0,1221.5,1220.0
ES,darkpool,AR,2010-11-12,1199.0,1199.0,1197.0,1197.5,1197.25,1199.0
ES,darkpool,AR,2010-11-19,1206.0,1205.75,1204.0,1204.0,1204.75,1205.75
ES,darkpool,AR,2010-11-26,1189.75,1188.75,1184.0,1184.25,1189.75,1184.25
ES,darkpool,AR,2010-12-03,1224.0,1223.75,1222.75,1223.0,1224.0,1223.5
ES,darkpool,AR,2010-12-10,1240.5,1240.5,1237.75,1237.75,1240.0,1237.75
ES,darkpool,AR,2010-12-17,1239.75,1239.0,1237.75,1238.0,1239.75,1238.0
ES,darkpool,AR,2010-12-24,1248.0,1247.75,1246.25,1246.75,1247.0,1247.5
ES,darkpool,AR,2010-12-31,1257.5,1257.25,1256.0,1256.25,1256.0,1257.0
ES,darkpool,AR,2011-01-07,1266.75,1266.75,1264.25,1265.25,1264.5,1265.75
ES,darkpool,AR,2011-01-14,1288.5,1288.25,1287.0,1287.25,1287.5,1288.0
ES,darkpool,AR,2011-01-21,1281.0,1281.0,1278.0,1279.0,1278.5,1280.75
ES,darkpool,AR,2011-01-28,1271.0,1270.5,1267.0,1267.0,1267.75,1270.5
ES,darkpool,AR,2011-02-04,1307.0,1306.75,1306.0,1306.25,1306.75,1306.5
ES,darkpool,AR,2011-02-11,1327.75,1327.5,1326.75,1327.0,1327.75,1327.25
ES,darkpool,AR,2011-02-18,1340.25,1340.0,1338.5,1338.75,1340.25,1338.75
ES,darkpool,AR,2011-02-25,1315.5,1315.25,1313.5,1313.75,1314.5,1314.0
ES,darkpool,AR,2011-03-04,1321.75,1321.75,1316.0,1316.0,1320.0,1316.25
ES,darkpool,AR,2011-03-11,1305.75,1301.0,1295.75,1296.0,1297.25,1300.0
ES,darkpool,AR,2011-03-18,1281.75,1281.5,1277.25,1278.75,1277.25,1279.25
ES,darkpool,AR,2011-03-25,1311.75,1311.75,1309.75,1310.25,1311.0,1311.75
ES,darkpool,AR,2011-04-01,1329.5,1329.0,1328.0,1328.25,1329.0,1328.75
ES,darkpool,AR,2011-04-08,1329.75,1329.5,1327.25,1327.25,1329.0,1327.75
ES,darkpool,AR,2011-04-15,1317.5,1317.0,1315.5,1315.75,1317.0,1315.75
ES,darkpool,AR,2011-04-22,1334.25,1334.0,1332.25,1332.25,1332.25,1334.0
ES,darkpool,AR,2011-04-29,1365.0,1364.75,1361.75,1362.0,1362.0,1364.75
ES,darkpool,AR,2011-05-06,1342.25,1342.0,1339.25,1339.5,1341.0,1339.75
ES,darkpool,AR,2011-05-13,1331.25,1330.75,1326.75,1327.0,1331.0,1329.5
ES,darkpool,AR,2011-05-20,1326.25,1326.0,1323.25,1323.75,1323.5,1325.0
ES,darkpool,AR,2011-05-27,1331.0,1330.75,1329.0,1329.25,1330.25,1330.0
ES,darkpool,AR,2011-06-03,1299.0,1298.5,1294.75,1295.25,1295.0,1298.5
ES,darkpool,AR,2011-06-10,1271.5,1271.25,1268.75,1269.0,1269.0,1271.25
ES,darkpool,AR,2011-06-17,1265.0,1264.75,1262.0,1262.25,1262.5,1263.75
ES,darkpool,AR,2011-06-24,1260.75,1260.5,1258.5,1258.75,1260.25,1259.0
ES,darkpool,AR,2011-07-01,1334.0,1334.0,1333.5,1333.5,1334.0,1333.75
ES,darkpool,AR,2011-07-08,1336.5,1336.0,1333.0,1333.75,1333.5,1335.75
ES,darkpool,AR,2011-07-15,1312.25,1312.0,1307.5,1308.0,1311.5,1308.5
ES,darkpool,AR,2011-07-22,1331.0,1331.0,1328.5,1328.5,1329.75,1328.75
ES,darkpool,AR,2011-07-29,1307.0,1306.0,1304.0,1304.75,1306.5,1306.0
ES,darkpool,AR,2011-08-05,1178.5,1178.25,1170.75,1171.25,1173.75,1176.75
ES,darkpool,AR,2011-08-12,1186.5,1185.25,1178.75,1179.0,1178.75,1183.5
ES,darkpool,AR,2011-08-19,1121.5,1120.75,1115.25,1116.0,1115.25,1119.25
ES,darkpool,AR,2011-08-26,1179.5,1178.5,1175.0,1175.25,1175.25,1176.5
ES,darkpool,AR,2011-09-02,1166.75,1166.25,1162.75,1163.5,1163.25,1164.5
ES,darkpool,AR,2011-09-09,1150.75,1149.75,1147.0,1147.5,1148.25,1147.5
ES,darkpool,AR,2011-09-16,1198.0,1197.25,1195.0,1196.0,1195.75,1196.5
ES,darkpool,AR,2011-09-23,1144.5,1144.0,1136.25,1136.5,1143.25,1136.5
ES,darkpool,AR,2011-09-30,1126.75,1126.5,1122.5,1123.5,1126.0,1123.75
ES,darkpool,AR,2011-10-07,1166.25,1164.5,1159.0,1159.25,1160.0,1163.5
ES,darkpool,AR,2011-10-14,1224.5,1224.25,1221.25,1221.5,1222.5,1224.25
ES,darkpool,AR,2011-10-21,1234.25,1233.75,1228.75,1229.25,1229.0,1232.75
ES,darkpool,AR,2011-10-28,1275.75,1275.25,1273.25,1273.75,1274.5,1273.75
ES,darkpool,AR,2011-11-04,1254.25,1254.0,1249.5,1249.75,1253.0,1249.75
ES,darkpool,AR,2011-11-11,1268.5,1268.5,1266.0,1266.0,1267.5,1268.0
ES,darkpool,AR,2011-11-18,1206.0,1204.5,1202.5,1202.75,1206.0,1202.75
ES,darkpool,AR,2011-11-25,1179.5,1179.25,1172.5,1173.25,1172.5,1179.25
ES,darkpool,AR,2011-12-02,1252.5,1252.25,1250.25,1250.25,1251.75,1251.5
ES,darkpool,AR,2011-12-09,1258.0,1257.75,1254.75,1255.25,1255.25,1257.5
ES,darkpool,AR,2011-12-16,1210.75,1210.5,1205.75,1206.0,1206.0,1208.25
ES,darkpool,AR,2012-01-06,1270.0,1269.75,1267.5,1268.0,1268.25,1269.5
ES,darkpool,AR,2012-01-13,1284.5,1284.0,1282.0,1282.0,1284.0,1282.0
ES,darkpool,AR,2012-01-20,1307.5,1307.25,1306.0,1306.5,1306.0,1307.0
ES,darkpool,AR,2012-01-27,1308.75,1308.25,1305.0,1305.75,1306.75,1305.75
ES,darkpool,AR,2012-02-03,1337.25,1337.0,1335.0,1335.5,1336.75,1335.5
ES,darkpool,AR,2012-02-10,1346.25,1345.75,1342.75,1342.75,1346.0,1344.5
ES,darkpool,AR,2012-02-17,1368.75,1368.5,1367.25,1367.25,1368.25,1367.75
ES,darkpool,AR,2012-02-24,1362.5,1362.25,1361.0,1361.25,1362.25,1362.25
ES,darkpool,AR,2012-03-02,1369.5,1369.5,1367.75,1368.25,1368.75,1368.75
ES,darkpool,AR,2012-03-09,1372.25,1372.0,1370.0,1370.25,1371.5,1370.25
ES,darkpool,AR,2012-03-16,1401.75,1401.0,1397.75,1398.0,1398.0,1400.75
ES,darkpool,AR,2012-03-23,1398.0,1397.75,1396.5,1396.75,1397.0,1396.75
ES,darkpool,AR,2012-03-30,1409.75,1409.5,1408.25,1408.5,1409.5,1409.0
ES,darkpool,AR,2012-04-06,1375.25,1375.0,1373.5,1373.75,1374.0,1374.0
ES,darkpool,AR,2012-04-13,1365.5,1365.25,1362.25,1362.5,1363.0,1364.75
ES,darkpool,AR,2012-04-20,1374.75,1374.75,1372.5,1372.75,1372.5,1374.25
ES,darkpool,AR,2012-04-27,1401.25,1400.75,1398.0,1398.25,1400.5,1398.75
ES,darkpool,AR,2012-05-04,1351.0,1350.5,1346.75,1348.0,1348.25,1349.5
ES,darkpool,AR,2012-05-11,1349.25,1348.75,1344.0,1344.0,1345.0,1348.75
ES,darkpool,AR,2012-05-18,1297.5,1297.5,1293.0,1293.25,1293.25,1296.25
ES,darkpool,AR,2012-05-25,1325.5,1324.75,1321.25,1321.5,1321.25,1324.75
ES,darkpool,AR,2012-06-01,1266.0,1266.0,1263.25,1263.75,1263.25,1265.5
ES,darkpool,AR,2012-06-08,1344.25,1344.25,1341.25,1342.0,1343.5,1343.5
ES,darkpool,AR,2012-06-15,1347.0,1346.25,1342.75,1343.25,1343.25,1345.75
ES,darkpool,AR,2012-06-22,1323.75,1323.5,1320.25,1320.25,1323.75,1320.25
ES,darkpool,AR,2012-06-29,1359.5,1358.75,1353.25,1354.0,1359.5,1354.0
ES,darkpool,AR,2012-07-06,1348.75,1348.75,1347.75,1348.0,1348.0,1348.25
ES,darkpool,AR,2012-07-13,1350.5,1350.5,1349.0,1349.25,1349.75,1349.5
ES,darkpool,AR,2012-07-20,1354.25,1354.0,1351.5,1352.25,1354.0,1353.25
ES,darkpool,AR,2012-07-27,1380.5,1380.5,1377.0,1377.25,1380.25,1377.5
ES,darkpool,AR,2012-08-03,1391.0,1390.75,1388.75,1389.5,1389.25,1390.5
ES,darkpool,AR,2012-08-10,1401.5,1401.5,1398.75,1399.0,1400.75,1399.25
ES,darkpool,AR,2012-08-17,1416.0,1416.0,1414.5,1414.75,1415.5,1415.25
ES,darkpool,AR,2012-08-24,1412.75,1412.5,1410.25,1410.75,1412.5,1411.25
ES,darkpool,AR,2012-08-31,1403.5,1401.75,1397.0,1397.25,1403.5,1397.25
ES,darkpool,AR,2012-09-07,1436.75,1436.75,1435.25,1435.25,1436.5,1435.5
ES,darkpool,AR,2012-09-14,1456.75,1456.75,1454.5,1454.75,1456.75,1454.75
ES,darkpool,AR,2012-09-21,1453.25,1453.25,1452.5,1452.5,1452.75,1453.0
ES,darkpool,AR,2012-09-28,1433.0,1432.25,1429.0,1429.25,1429.25,1432.25
ES,darkpool,AR,2012-10-05,1455.0,1454.75,1452.25,1453.25,1453.25,1454.5
ES,darkpool,AR,2012-10-12,1422.0,1421.75,1416.5,1416.75,1420.75,1417.5
ES,darkpool,AR,2012-10-19,1425.25,1425.0,1420.75,1421.75,1421.25,1425.0
ES,darkpool,AR,2012-10-26,1405.25,1404.75,1401.5,1402.25,1401.5,1404.5
ES,darkpool,AR,2012-11-02,1408.25,1408.0,1406.5,1407.25,1406.5,1407.75
ES,darkpool,AR,2012-11-09,1376.75,1376.0,1372.5,1373.0,1373.25,1376.0
ES,darkpool,AR,2012-11-16,1364.25,1364.0,1362.25,1362.75,1364.0,1363.5
ES,darkpool,AR,2012-11-23,1401.75,1401.75,1400.0,1400.5,1401.25,1400.5
ES,darkpool,AR,2012-11-30,1416.75,1416.5,1413.25,1413.5,1413.5,1416.5
ES,darkpool,AR,2012-12-07,1419.0,1419.0,1417.25,1417.75,1418.5,1417.75
ES,darkpool,AR,2012-12-14,1416.0,1415.25,1413.0,1413.5,1415.5,1413.5
ES,darkpool,AR,2012-12-21,1419.75,1419.25,1417.75,1418.25,1417.75,1419.25
ES,darkpool,AR,2012-12-28,1389.5,1389.0,1387.75,1388.0,1388.5,1388.5
ES,darkpool,AR,2013-01-04,1459.25,1459.25,1457.75,1457.75,1458.5,1457.75
ES,darkpool,AR,2013-01-11,1469.75,1469.5,1467.75,1468.0,1468.25,1468.75
ES,darkpool,AR,2013-01-18,1480.5,1479.5,1478.75,1478.75,1480.5,1479.0
ES,darkpool,AR,2013-01-25,1497.5,1497.25,1495.25,1495.5,1495.5,1497.0
ES,darkpool,AR,2013-02-01,1508.25,1507.75,1506.25,1506.25,1507.5,1507.75
ES,darkpool,AR,2013-02-08,1514.25,1514.25,1513.25,1513.25,1514.0,1513.5
ES,darkpool,AR,2013-02-15,1517.75,1517.5,1515.5,1515.5,1516.0,1517.25
ES,darkpool,AR,2013-02-22,1515.0,1515.0,1513.25,1513.25,1515.0,1513.75
ES,darkpool,AR,2013-03-01,1514.0,1513.75,1513.25,1513.25,1514.0,1513.25
ES,darkpool,AR,2013-03-08,1548.75,1548.75,1547.25,1547.5,1548.0,1547.75
ES,darkpool,AR,2013-03-15,1539.0,1538.0,1536.0,1536.25,1538.5,1537.25
ES,darkpool,AR,2013-03-22,1558.25,1558.0,1553.5,1553.75,1554.25,1556.75
ES,darkpool,AR,2013-03-29,1564.0,1563.75,1562.0,1562.0,1563.5,1562.0
ES,darkpool,AR,2013-04-05,1548.25,1548.0,1545.5,1546.0,1548.0,1546.25
ES,darkpool,AR,2013-04-12,1581.0,1581.0,1580.25,1580.25,1580.5,1581.0
ES,darkpool,AR,2013-04-19,1551.5,1551.0,1550.0,1550.0,1550.75,1550.5
ES,darkpool,AR,2013-04-26,1576.0,1575.75,1573.75,1574.0,1575.0,1574.5
ES,darkpool,AR,2013-05-03,1610.5,1610.0,1608.5,1608.75,1610.25,1609.5
ES,darkpool,AR,2013-05-10,1624.5,1624.5,1622.0,1622.25,1623.0,1623.75
ES,darkpool,AR,2013-05-17,1663.5,1663.0,1662.0,1662.25,1663.5,1662.75
ES,darkpool,AR,2013-05-24,1654.25,1654.0,1649.5,1650.25,1654.25,1650.25
ES,darkpool,AR,2013-05-31,1632.75,1632.5,1628.25,1628.5,1631.5,1629.0
ES,darkpool,AR,2013-06-07,1639.5,1639.25,1636.25,1636.75,1636.5,1639.25
ES,darkpool,AR,2013-06-14,1624.25,1623.75,1620.25,1620.25,1620.5,1622.5
ES,darkpool,AR,2013-06-21,1586.25,1586.0,1581.75,1582.5,1582.25,1582.5
ES,darkpool,AR,2013-06-28,1599.25,1599.25,1595.5,1595.75,1598.25,1595.75
ES,darkpool,AR,2013-07-05,1632.0,1632.0,1630.25,1630.25,1630.75,1631.75
ES,darkpool,AR,2013-07-12,1672.0,1672.0,1670.75,1671.0,1671.0,1671.75
ES,darkpool,AR,2013-07-19,1692.25,1691.75,1690.5,1690.75,1691.5,1691.75
ES,darkpool,AR,2013-07-26,1687.25,1687.0,1686.25,1686.5,1686.5,1687.0
ES,darkpool,AR,2013-08-02,1703.0,1703.0,1701.75,1702.0,1702.5,1702.25
ES,darkpool,AR,2013-08-09,1684.5,1684.25,1683.0,1683.5,1683.5,1684.25
ES,darkpool,AR,2013-08-16,1653.0,1652.75,1651.0,1651.5,1651.5,1652.25
ES,darkpool,AR,2013-08-23,1661.5,1661.5,1660.5,1660.5,1661.5,1661.0
ES,darkpool,AR,2013-08-30,1642.0,1641.75,1639.75,1640.0,1640.75,1641.5
ES,darkpool,AR,2013-09-06,1657.25,1657.0,1655.25,1655.25,1656.0,1655.25
ES,darkpool,AR,2013-09-13,1701.0,1700.75,1699.25,1699.5,1701.0,1699.75
ES,darkpool,AR,2013-09-20,1703.75,1703.5,1701.0,1701.5,1703.5,1702.25
ES,darkpool,AR,2013-09-27,1675.25,1674.75,1672.0,1672.5,1674.25,1672.5
ES,darkpool,AR,2013-10-04,1677.0,1677.0,1675.5,1675.75,1677.0,1676.75
ES,darkpool,AR,2013-10-11,1688.0,1688.0,1684.25,1684.25,1684.5,1685.25
ES,darkpool,AR,2013-10-18,1739.75,1739.5,1738.0,1738.5,1738.25,1738.5
ES,darkpool,AR,2013-10-25,1759.25,1758.25,1752.75,1753.25,1752.75,1758.25
ES,darkpool,AR,2013-11-01,1758.0,1757.5,1755.5,1755.75,1755.5,1757.5
ES,darkpool,AR,2013-11-08,1765.5,1765.25,1764.0,1764.0,1765.0,1764.25
ES,darkpool,AR,2013-11-15,1792.5,1792.5,1791.5,1791.5,1792.25,1792.0
ES,darkpool,AR,2013-11-22,1809.25,1808.75,1806.75,1807.0,1807.25,1807.0
ES,darkpool,AR,2013-11-29,1806.75,1806.75,1805.25,1805.25,1806.5,1805.25
ES,darkpool,AR,2013-12-06,1807.25,1806.75,1806.25,1806.25,1807.25,1806.75
ES,darkpool,AR,2013-12-13,1771.5,1771.0,1768.75,1768.75,1769.75,1769.0
ES,darkpool,AR,2013-12-20,1821.75,1821.0,1819.0,1819.5,1819.25,1820.25
ES,darkpool,AR,2013-12-27,1836.0,1835.75,1835.25,1835.25,1835.5,1835.75
ES,darkpool,AR,2014-01-03,1827.75,1827.75,1825.75,1825.75,1827.5,1826.25
ES,darkpool,AR,2014-01-10,1837.5,1837.5,1835.5,1835.75,1837.0,1837.0
ES,darkpool,AR,2014-01-17,1832.0,1831.75,1830.0,1831.0,1831.5,1831.5
ES,darkpool,AR,2014-01-24,1784.0,1784.0,1780.0,1780.5,1780.5,1782.75
ES,darkpool,AR,2014-01-31,1782.25,1781.75,1779.75,1780.0,1782.0,1780.0
ES,darkpool,AR,2014-02-07,1792.75,1792.25,1791.25,1791.5,1791.75,1791.5
ES,darkpool,AR,2014-02-14,1834.75,1834.25,1831.75,1831.75,1832.5,1834.25
ES,darkpool,AR,2014-02-21,1838.75,1838.25,1835.75,1836.25,1835.75,1836.25
ES,darkpool,AR,2014-02-28,1840.25,1839.75,1836.5,1837.25,1839.25,1839.5
ES,darkpool,AR,2014-03-07,1876.5,1876.5,1873.75,1874.0,1875.0,1874.25
ES,darkpool,AR,2014-03-14,1831.5,1831.25,1828.5,1828.5,1828.75,1829.75
ES,darkpool,AR,2014-03-21,1859.25,1859.0,1857.5,1857.5,1859.0,1858.0
ES,darkpool,AR,2014-03-28,1858.0,1857.75,1856.0,1856.75,1856.25,1857.75
ES,darkpool,AR,2014-04-04,1860.75,1860.75,1856.5,1856.5,1859.5,1856.5
ES,darkpool,AR,2014-04-11,1811.0,1809.75,1805.5,1806.0,1805.75,1809.75
ES,darkpool,AR,2014-04-18,1862.5,1862.25,1860.25,1861.25,1861.25,1861.5
ES,darkpool,AR,2014-04-25,1862.25,1862.25,1858.5,1859.0,1862.0,1859.0
ES,darkpool,AR,2014-05-02,1877.25,1876.5,1874.5,1874.75,1875.5,1876.5
ES,darkpool,AR,2014-05-09,1877.5,1877.5,1876.0,1876.5,1876.75,1877.5
ES,darkpool,AR,2014-05-16,1877.25,1877.0,1875.75,1875.75,1877.0,1876.25
ES,darkpool,AR,2014-05-23,1898.75,1898.25,1897.25,1897.25,1898.5,1897.75
ES,darkpool,AR,2014-05-30,1921.5,1921.25,1920.0,1920.0,1920.75,1921.25
ES,darkpool,AR,2014-06-06,1949.25,1949.25,1948.25,1948.5,1948.75,1949.25
ES,darkpool,AR,2014-06-13,1925.75,1925.0,1919.0,1920.5,1925.5,1920.75
ES,darkpool,AR,2014-06-20,1955.25,1955.0,1953.5,1953.5,1953.75,1955.0
ES,darkpool,AR,2014-06-27,1953.5,1953.25,1952.0,1952.25,1952.5,1952.25
ES,darkpool,AR,2014-07-04,1977.0,1977.0,1976.25,1976.5,1976.75,1977.0
ES,darkpool,AR,2014-07-11,1965.0,1964.75,1963.5,1963.5,1963.5,1964.75
ES,darkpool,AR,2014-07-18,1971.5,1971.5,1970.25,1970.25,1970.75,1971.25
ES,darkpool,AR,2014-07-25,1969.0,1969.0,1967.75,1968.0,1968.5,1969.0
ES,darkpool,AR,2014-08-01,1922.0,1922.0,1919.5,1919.5,1920.5,1921.75
ES,darkpool,AR,2014-08-08,1927.75,1927.5,1926.25,1926.5,1927.5,1926.75
ES,darkpool,AR,2014-08-15,1960.0,1960.0,1957.75,1957.75,1959.75,1958.5
ES,darkpool,AR,2014-08-29,2000.25,2000.25,1999.5,1999.75,2000.0,2000.25
ES,darkpool,AR,2014-09-05,2006.25,2006.0,2004.5,2004.5,2005.5,2004.75
ES,darkpool,AR,2014-09-12,1970.5,1970.5,1969.0,1969.25,1969.75,1970.25
ES,darkpool,AR,2014-09-19,2003.0,2003.0,2001.25,2001.5,2002.25,2002.25
ES,darkpool,AR,2014-09-26,1973.5,1973.5,1971.5,1971.75,1972.5,1973.25
ES,darkpool,AR,2014-10-03,1964.0,1963.75,1962.5,1962.75,1963.75,1963.0
ES,darkpool,AR,2014-10-10,1886.5,1886.25,1882.5,1882.75,1882.75,1886.25
ES,darkpool,AR,2014-10-17,1892.0,1891.25,1887.75,1888.0,1892.0,1890.0
ES,darkpool,AR,2014-10-24,1963.0,1962.25,1960.75,1961.0,1962.25,1962.25
ES,darkpool,AR,2014-10-31,2012.25,2011.5,2010.0,2010.25,2011.25,2011.0
ES,darkpool,AR,2014-11-07,2029.5,2029.25,2025.5,2025.75,2025.75,2029.25
ES,darkpool,AR,2014-11-14,2032.25,2031.75,2028.5,2029.5,2029.75,2031.75
ES,darkpool,AR,2014-11-21,2062.5,2062.0,2060.75,2061.0,2062.0,2061.0
ES,darkpool,AR,2014-11-28,2062.5,2062.0,2059.0,2059.5,2059.25,2060.75
ES,darkpool,AR,2014-12-05,2077.25,2077.0,2074.25,2074.5,2077.0,2074.5
ES,darkpool,AR,2014-12-12,1996.75,1996.25,1991.5,1992.25,1992.25,1996.25
ES,darkpool,AR,2014-12-19,2067.5,2067.0,2065.25,2065.5,2066.75,2065.75
ES,darkpool,AR,2014-12-26,2087.0,2087.0,2085.0,2085.0,2085.5,2087.0
ES,darkpool,AR,2015-01-02,2043.0,2042.75,2036.5,2038.0,2040.25,2042.75
ES,darkpool,AR,2015-01-09,2034.25,2034.0,2032.75,2033.25,2033.75,2034.0
ES,darkpool,AR,2015-01-16,2023.75,2020.75,2015.75,2016.25,2021.5,2016.25
ES,darkpool,AR,2015-01-23,2034.25,2033.75,2029.5,2029.75,2030.5,2030.75
ES,darkpool,AR,2015-01-30,1992.75,1992.25,1988.0,1989.0,1989.5,1991.0
ES,darkpool,AR,2015-02-06,2046.0,2045.75,2041.0,2041.5,2045.0,2042.0
ES,darkpool,AR,2015-02-13,2090.0,2089.75,2089.0,2089.25,2089.25,2089.5
ES,darkpool,AR,2015-02-20,2107.5,2107.5,2106.75,2106.75,2107.0,2107.0
ES,darkpool,AR,2015-02-27,2106.75,2106.5,2104.75,2105.0,2106.5,2105.0
ES,darkpool,AR,2015-03-06,2070.25,2070.25,2067.5,2067.75,2069.75,2068.25
ES,darkpool,AR,2015-03-13,2040.5,2039.5,2037.25,2037.75,2040.25,2037.75
ES,darkpool,AR,2015-03-20,2103.0,2103.0,2101.75,2101.75,2102.75,2101.75
ES,darkpool,AR,2015-03-27,2052.5,2052.0,2047.25,2048.25,2051.5,2049.0
ES,darkpool,AR,2015-04-03,2045.0,2045.0,2041.75,2041.75,2042.0,2045.0
ES,darkpool,AR,2015-04-10,2097.0,2097.0,2094.25,2094.25,2097.0,2095.0
ES,darkpool,AR,2015-04-17,2081.75,2081.5,2079.25,2079.25,2080.0,2080.5
ES,darkpool,AR,2015-04-24,2112.75,2112.5,2111.25,2111.75,2112.75,2112.0
ES,darkpool,AR,2015-05-01,2100.75,2100.25,2099.5,2099.5,2100.75,2099.5
ES,darkpool,AR,2015-05-08,2110.25,2110.0,2108.5,2108.75,2109.75,2109.0
ES,darkpool,AR,2015-05-15,2118.75,2118.5,2117.25,2117.5,2118.5,2118.0
ES,darkpool,AR,2015-05-22,2125.5,2125.25,2124.0,2124.5,2125.25,2124.5
ES,darkpool,AR,2015-05-29,2108.5,2108.25,2106.0,2106.25,2107.5,2107.75
ES,darkpool,AR,2015-06-05,2092.25,2092.0,2090.75,2090.75,2092.0,2090.75
ES,darkpool,AR,2015-06-12,2078.5,2077.25,2075.0,2075.25,2075.5,2077.25
ES,darkpool,AR,2015-06-19,2107.5,2107.25,2106.0,2106.0,2107.25,2106.75
ES,darkpool,AR,2015-06-26,2065.75,2063.75,2059.0,2061.0,2064.0,2062.25
ES,darkpool,AR,2015-07-03,2045.25,2045.25,2041.25,2041.25,2042.0,2045.25
ES,darkpool,AR,2015-07-10,2061.5,2061.0,2058.25,2058.5,2061.0,2059.25
ES,darkpool,AR,2015-07-17,2118.75,2118.5,2118.0,2118.0,2118.25,2118.5
ES,darkpool,AR,2015-07-24,2077.75,2077.5,2075.75,2076.0,2076.25,2077.25
ES,darkpool,AR,2015-07-31,2100.75,2100.5,2099.0,2099.0,2099.5,2099.25
ES,darkpool,AR,2015-08-07,2077.75,2077.0,2072.25,2072.25,2072.5,2076.0
ES,darkpool,AR,2015-08-14,2092.0,2092.0,2089.25,2089.5,2089.25,2092.0
ES,darkpool,AR,2015-08-21,1961.5,1960.5,1951.25,1956.0,1953.0,1957.25
ES,darkpool,AR,2015-08-28,1969.75,1968.75,1963.5,1964.5,1966.25,1965.25
ES,darkpool,AR,2015-09-04,1926.0,1925.5,1920.0,1921.0,1925.0,1921.0
ES,darkpool,AR,2015-09-11,1974.25,1974.0,1968.0,1968.25,1968.5,1971.0
ES,darkpool,AR,2015-09-18,1950.5,1950.0,1943.75,1944.25,1948.75,1944.25
ES,darkpool,AR,2015-09-25,1914.5,1913.5,1906.75,1906.75,1910.0,1908.0
ES,darkpool,AR,2015-10-02,1942.5,1942.0,1938.25,1938.5,1939.0,1941.75
ES,darkpool,AR,2015-10-09,2004.5,2004.0,2001.75,2001.75,2003.25,2003.5
ES,darkpool,AR,2015-10-16,2024.75,2024.25,2021.5,2021.5,2024.5,2021.75
ES,darkpool,AR,2015-10-23,2065.25,2065.25,2061.75,2062.25,2064.5,2062.5
ES,darkpool,AR,2015-10-30,2068.5,2068.25,2066.25,2066.25,2068.25,2066.25
ES,darkpool,AR,2015-11-06,2093.5,2093.25,2092.25,2092.5,2093.0,2092.75
ES,darkpool,AR,2015-11-13,2012.0,2011.5,2005.75,2006.25,2006.75,2011.5
ES,darkpool,AR,2015-11-20,2092.0,2092.0,2090.75,2090.75,2091.75,2090.75
ES,darkpool,AR,2015-11-27,2087.5,2087.0,2085.25,2085.75,2085.25,2086.0
ES,darkpool,AR,2015-12-04,2088.0,2087.75,2086.25,2086.25,2086.5,2086.75
ES,darkpool,AR,2015-12-11,2012.75,2012.75,2010.75,2011.25,2012.75,2012.25
ES,darkpool,AR,2015-12-18,1999.75,1999.25,1995.25,1995.75,1997.25,1997.0
ES,darkpool,AR,2015-12-25,2052.0,2052.0,2050.25,2050.5,2051.5,2050.5
ES,darkpool,AR,2016-01-01,2043.0,2043.0,2040.0,2040.25,2041.75,2040.25
ES,darkpool,AR,2016-01-08,1908.25,1905.75,1895.0,1896.75,1896.0,1900.0
ES,darkpool,AR,2016-01-15,1878.5,1877.75,1866.5,1868.75,1868.0,1873.0
ES,darkpool,AR,2016-01-22,1899.5,1898.5,1895.25,1895.75,1897.75,1897.5
ES,darkpool,AR,2016-01-29,1928.5,1927.75,1922.75,1923.75,1927.0,1924.0
ES,darkpool,AR,2016-02-05,1883.0,1882.25,1877.0,1877.25,1877.75,1882.0
ES,darkpool,AR,2016-02-12,1873.75,1873.25,1867.75,1868.0,1868.0,1871.5
ES,darkpool,AR,2016-02-19,1921.75,1921.25,1910.25,1911.0,1912.5,1920.75
ES,darkpool,AR,2016-02-26,1947.0,1946.5,1940.5,1941.0,1945.75,1941.0
ES,darkpool,AR,2016-03-04,1991.75,1991.5,1989.5,1990.0,1990.5,1991.25
ES,darkpool,AR,2016-03-11,2019.25,2018.75,2016.75,2017.0,2018.0,2017.0
ES,darkpool,AR,2016-03-18,2037.0,2036.75,2035.25,2035.5,2036.5,2036.25
ES,darkpool,AR,2016-03-25,2034.0,2034.0,2031.25,2031.5,2031.5,2032.75
ES,darkpool,AR,2016-04-01,2064.0,2063.75,2061.0,2061.25,2062.75,2063.0
ES,darkpool,AR,2016-04-08,2043.25,2043.0,2038.5,2038.75,2042.75,2038.75
ES,darkpool,AR,2016-04-15,2065.25,2065.25,2062.0,2062.25,2064.75,2062.5
ES,darkpool,AR,2016-04-22,2088.5,2088.5,2086.5,2087.0,2088.5,2087.75
ES,darkpool,AR,2016-04-29,2059.25,2059.25,2055.75,2056.75,2058.0,2058.5
ES,darkpool,AR,2016-05-06,2057.5,2057.5,2055.5,2055.5,2056.25,2056.5
ES,darkpool,AR,2016-05-13,2044.75,2044.5,2039.5,2039.75,2040.0,2044.5
ES,darkpool,AR,2016-05-20,2051.25,2051.25,2047.25,2048.0,2050.25,2048.0
ES,darkpool,AR,2016-05-27,2103.25,2103.0,2100.25,2100.75,2100.5,2101.25
ES,darkpool,AR,2016-06-03,2096.75,2096.5,2094.0,2094.0,2096.5,2095.0
ES,darkpool,AR,2016-06-10,2093.5,2093.25,2090.5,2090.75,2093.25,2091.25
ES,darkpool,AR,2016-06-17,2079.75,2079.75,2076.0,2076.5,2076.5,2079.75
ES,darkpool,AR,2016-06-24,2010.5,2009.0,2001.5,2002.5,2006.25,2005.25
ES,darkpool,AR,2016-07-01,2096.75,2096.75,2094.0,2094.0,2096.75,2095.75
ES,darkpool,AR,2016-07-08,2123.75,2123.5,2121.5,2121.75,2122.0,2123.0
ES,darkpool,AR,2016-07-15,2156.75,2156.5,2155.25,2155.5,2155.75,2156.25
ES,darkpool,AR,2016-07-22,2169.75,2169.5,2167.0,2167.25,2168.0,2169.5
ES,darkpool,AR,2016-07-29,2172.0,2171.75,2170.0,2170.25,2171.25,2171.5
ES,darkpool,AR,2016-08-05,2178.0,2178.0,2177.0,2177.0,2178.0,2177.0
ES,darkpool,AR,2016-08-12,2182.25,2182.25,2181.0,2181.5,2181.75,2181.5
ES,darkpool,AR,2016-08-19,2182.25,2182.0,2180.25,2180.5,2182.0,2180.5
ES,darkpool,AR,2016-08-26,2168.75,2168.5,2165.25,2165.75,2165.5,2167.75
ES,darkpool,AR,2016-09-02,2181.25,2181.0,2180.0,2180.0,2180.25,2181.0
ES,darkpool,AR,2016-09-09,2122.0,2121.25,2119.0,2119.25,2120.5,2120.25
ES,darkpool,AR,2016-09-16,2141.0,2139.75,2132.25,2137.75,2132.5,2138.25
ES,darkpool,AR,2016-09-23,2159.5,2159.5,2158.0,2158.0,2158.75,2159.25
ES,darkpool,AR,2016-09-30,2162.0,2162.0,2160.0,2160.25,2161.5,2160.75
ES,darkpool,AR,2016-10-07,2151.75,2151.75,2150.25,2150.75,2151.5,2151.5
ES,darkpool,AR,2016-10-14,2123.75,2123.5,2121.0,2122.0,2121.25,2123.5
ES,darkpool,AR,2016-10-21,2138.75,2138.25,2136.5,2136.75,2138.5,2137.0
ES,darkpool,AR,2016-10-28,2121.25,2121.0,2119.0,2119.25,2120.0,2120.25
ES,darkpool,AR,2016-11-04,2105.5,2105.25,2102.75,2103.5,2104.25,2105.25
ES,darkpool,AR,2016-11-11,2173.75,2173.25,2169.75,2170.25,2169.75,2171.5
ES,darkpool,AR,2016-11-18,2182.5,2182.0,2180.25,2180.5,2180.5,2180.75
ES,darkpool,AR,2016-11-25,2207.5,2207.0,2204.75,2205.25,2207.25,2205.25
ES,darkpool,AR,2016-12-02,2187.0,2186.5,2183.0,2183.25,2183.25,2185.25
ES,darkpool,AR,2016-12-09,2265.75,2265.0,2262.5,2262.75,2265.5,2264.0
ES,darkpool,AR,2016-12-16,2260.0,2260.0,2258.25,2258.5,2258.75,2259.25
ES,darkpool,AR,2017-01-06,2274.0,2273.75,2272.75,2273.0,2273.5,2273.75
ES,darkpool,AR,2017-01-13,2269.25,2269.0,2268.25,2268.25,2268.75,2268.5
ES,darkpool,AR,2017-01-20,2260.75,2260.5,2258.75,2259.0,2259.5,2260.5
ES,darkpool,AR,2017-01-27,2283.5,2283.25,2281.0,2281.25,2283.25,2281.75
ES,darkpool,AR,2017-02-03,2289.25,2289.0,2287.5,2287.75,2288.75,2288.75
ES,darkpool,AR,2017-02-10,2314.75,2314.5,2313.5,2313.75,2314.25,2314.0
ES,darkpool,AR,2017-02-17,2348.0,2347.75,2346.75,2346.75,2346.75,2346.75
ES,darkpool,AR,2017-02-24,2367.5,2366.5,2363.25,2363.25,2366.25,2364.5
ES,darkpool,AR,2017-03-03,2373.5,2373.5,2371.75,2372.5,2371.75,2373.5
ES,darkpool,AR,2017-03-10,2370.0,2369.5,2368.25,2368.25,2368.5,2369.0
ES,darkpool,AR,2017-03-17,2373.25,2373.0,2369.25,2369.5,2372.5,2369.5
ES,darkpool,AR,2017-03-24,2331.75,2331.25,2329.0,2329.5,2330.0,2330.5
ES,darkpool,AR,2017-03-31,2360.5,2360.0,2356.0,2356.5,2360.5,2357.25
ES,darkpool,AR,2017-04-07,2355.75,2355.25,2352.75,2352.75,2352.75,2355.25
ES,darkpool,AR,2017-04-14,2327.0,2326.75,2324.25,2324.5,2324.75,2326.0
ES,darkpool,AR,2017-04-21,2369.5,2368.75,2366.5,2367.25,2369.0,2367.75
ES,darkpool,AR,2017-04-28,2380.0,2379.75,2378.0,2378.0,2378.25,2379.5
ES,darkpool,AR,2017-05-05,2397.75,2397.75,2394.25,2394.5,2396.5,2395.25
ES,darkpool,AR,2017-05-12,2390.0,2390.0,2388.25,2388.5,2389.75,2389.5
ES,darkpool,AR,2017-05-19,2384.0,2383.5,2381.5,2381.75,2382.25,2382.75
ES,darkpool,AR,2017-05-26,2416.75,2416.25,2413.75,2414.5,2416.5,2415.5
ES,darkpool,AR,2017-06-02,2434.75,2434.5,2433.0,2433.5,2434.5,2433.75
ES,darkpool,AR,2017-06-09,2430.0,2430.0,2426.5,2426.75,2427.25,2429.0
ES,darkpool,AR,2017-06-16,2434.5,2434.0,2433.25,2433.25,2433.75,2434.0
ES,darkpool,AR,2017-06-23,2434.0,2433.75,2431.5,2431.75,2431.75,2433.0
ES,darkpool,AR,2017-06-30,2427.0,2426.0,2423.75,2424.0,2426.0,2424.5
ES,darkpool,AR,2017-07-07,2426.5,2426.25,2424.25,2425.25,2424.25,2426.0
ES,darkpool,AR,2017-07-14,2458.5,2458.0,2457.0,2457.0,2458.25,2457.75
ES,darkpool,AR,2017-07-21,2469.75,2469.5,2465.5,2465.75,2469.75,2465.75
ES,darkpool,AR,2017-07-28,2469.5,2469.0,2466.25,2466.5,2469.5,2466.75
ES,darkpool,AR,2017-08-04,2474.75,2474.75,2472.75,2473.0,2472.75,2474.75
ES,darkpool,AR,2017-08-11,2449.5,2449.25,2444.75,2445.25,2446.0,2449.0
ES,darkpool,AR,2017-08-18,2430.5,2430.25,2424.5,2425.0,2430.5,2425.0
ES,darkpool,AR,2017-08-25,2445.0,2443.5,2439.25,2439.5,2442.0,2439.5
ES,darkpool,AR,2017-09-01,2466.5,2466.0,2463.25,2463.75,2464.5,2465.25
ES,darkpool,AR,2017-09-08,2471.5,2471.0,2469.5,2469.75,2471.5,2471.0
ES,darkpool,AR,2017-09-15,2501.5,2501.5,2500.0,2500.25,2500.25,2500.75
ES,darkpool,AR,2017-09-22,2504.5,2503.75,2500.25,2500.5,2500.75,2503.0
ES,darkpool,AR,2017-09-29,2521.0,2520.75,2519.25,2519.25,2520.0,2519.25
ES,darkpool,AR,2017-10-06,2547.0,2546.75,2545.75,2545.75,2546.0,2546.5
ES,darkpool,AR,2017-10-13,2554.75,2554.75,2553.75,2554.0,2554.5,2554.0
ES,darkpool,AR,2017-10-20,2577.25,2577.0,2574.75,2575.0,2575.75,2576.0
ES,darkpool,AR,2017-10-27,2576.5,2576.5,2572.75,2574.0,2575.5,2576.5
ES,darkpool,AR,2017-11-03,2584.75,2584.0,2581.0,2581.5,2583.0,2581.5
ES,darkpool,AR,2017-11-10,2583.0,2582.75,2581.0,2581.25,2582.5,2582.25
ES,darkpool,AR,2017-11-17,2577.0,2576.75,2574.5,2574.75,2576.75,2575.0
ES,darkpool,AR,2017-11-24,2601.5,2601.5,2599.25,2599.75,2600.75,2599.75
ES,darkpool,AR,2017-12-01,2661.25,2660.75,2658.75,2659.25,2659.25,2659.75
ES,darkpool,AR,2017-12-08,2652.75,2652.75,2651.5,2651.75,2652.25,2651.75
ES,darkpool,AR,2017-12-15,2687.0,2687.0,2684.5,2684.75,2686.5,2685.5
ES,darkpool,AR,2018-01-05,2746.25,2746.25,2745.0,2745.25,2745.5,2745.75
ES,darkpool,AR,2018-01-12,2795.0,2794.75,2793.75,2794.0,2794.5,2794.5
ES,darkpool,AR,2018-01-19,2808.75,2808.25,2806.25,2806.5,2807.75,2808.0
ES,darkpool,AR,2018-01-26,2878.5,2878.25,2876.0,2876.5,2876.0,2878.0
ES,darkpool,AR,2018-02-02,2747.25,2746.75,2738.5,2740.0,2745.5,2741.25
ES,darkpool,AR,2018-02-09,2639.5,2638.25,2630.5,2631.0,2633.5,2633.0
ES,darkpool,AR,2018-02-16,2744.75,2744.25,2742.25,2742.25,2742.25,2742.25
ES,darkpool,AR,2018-02-23,2749.5,2749.25,2742.5,2745.5,2749.25,2748.0
ES,darkpool,AR,2018-03-02,2688.25,2686.75,2680.25,2681.25,2686.5,2683.75
ES,darkpool,AR,2018-03-09,2792.75,2792.25,2789.25,2789.5,2792.0,2792.0
ES,darkpool,AR,2018-03-16,2756.0,2756.0,2752.5,2752.5,2754.25,2754.75
ES,darkpool,AR,2018-03-23,2606.75,2606.0,2599.25,2600.25,2601.5,2604.0
ES,darkpool,AR,2018-03-30,2641.25,2640.75,2631.5,2632.0,2634.0,2638.25
ES,darkpool,AR,2018-04-06,2618.25,2617.5,2610.25,2610.75,2611.75,2616.5
ES,darkpool,AR,2018-04-13,2674.5,2674.0,2670.0,2670.25,2674.25,2670.75
ES,darkpool,AR,2018-04-20,2679.0,2678.25,2674.25,2675.0,2674.25,2676.25
ES,darkpool,AR,2018-04-27,2674.75,2674.25,2670.0,2670.25,2673.25,2673.75
ES,darkpool,AR,2018-05-04,2672.75,2671.0,2666.0,2667.0,2672.5,2668.75
ES,darkpool,AR,2018-05-11,2737.0,2736.75,2734.75,2735.5,2735.0,2736.5
ES,darkpool,AR,2018-05-18,2731.5,2730.75,2728.75,2729.25,2730.5,2729.25
ES,darkpool,AR,2018-05-25,2731.0,2730.5,2727.5,2727.75,2727.75,2730.0
ES,darkpool,AR,2018-06-01,2736.0,2734.75,2729.5,2730.25,2729.5,2734.75
ES,darkpool,AR,2018-06-08,2776.0,2775.25,2770.5,2771.0,2771.0,2774.0
ES,darkpool,AR,2018-06-15,2784.75,2784.5,2772.25,2774.0,2784.75,2774.75
ES,darkpool,AR,2018-06-22,2758.0,2757.75,2748.0,2749.25,2755.5,2749.25
ES,darkpool,AR,2018-06-29,2724.75,2723.75,2718.75,2720.0,2721.25,2721.25
ES,darkpool,AR,2018-07-06,2769.0,2768.5,2765.0,2765.25,2765.75,2768.5
ES,darkpool,AR,2018-07-13,2808.0,2808.0,2806.75,2807.0,2807.5,2807.0
ES,darkpool,AR,2018-07-20,2804.75,2804.5,2800.5,2800.75,2804.5,2800.75
ES,darkpool,AR,2018-07-27,2816.75,2816.0,2809.75,2810.75,2816.75,2811.5
ES,darkpool,AR,2018-08-03,2842.25,2841.75,2839.75,2840.0,2841.5,2841.5
ES,darkpool,AR,2018-08-10,2833.5,2832.75,2830.25,2831.0,2832.5,2831.25
ES,darkpool,AR,2018-08-17,2855.0,2854.5,2852.75,2853.0,2854.5,2854.25
ES,darkpool,AR,2018-08-24,2884.5,2883.0,2880.25,2881.5,2880.5,2882.75
ES,darkpool,AR,2018-08-31,2907.25,2907.0,2905.0,2905.75,2906.5,2906.5
ES,darkpool,AR,2018-09-07,2878.0,2877.25,2873.25,2874.0,2876.5,2876.5
ES,darkpool,AR,2018-09-14,2907.0,2906.5,2904.5,2904.75,2906.75,2904.75
ES,darkpool,AR,2018-09-21,2928.25,2928.0,2926.75,2927.25,2927.25,2927.25
ES,darkpool,AR,2018-09-28,2929.25,2929.0,2927.0,2927.25,2929.25,2928.25
ES,darkpool,AR,2018-10-05,2895.75,2895.25,2888.25,2889.5,2894.0,2894.5
ES,darkpool,AR,2018-10-12,2769.25,2767.75,2762.75,2763.25,2765.25,2763.25
ES,darkpool,AR,2018-10-19,2759.5,2759.0,2749.75,2750.5,2756.5,2754.0
ES,darkpool,AR,2018-10-26,2678.5,2678.0,2672.75,2673.25,2677.25,2678.0
ES,darkpool,AR,2018-11-02,2719.5,2718.75,2716.0,2717.0,2717.0,2717.0
ES,darkpool,AR,2018-11-09,2786.25,2786.0,2779.75,2781.75,2780.0,2786.0
ES,darkpool,AR,2018-11-16,2736.0,2735.75,2731.0,2731.25,2734.75,2735.0
ES,darkpool,AR,2018-11-23,2641.5,2641.0,2635.75,2636.25,2636.5,2639.5
ES,darkpool,AR,2018-11-30,2803.25,2802.75,2798.25,2799.0,2800.0,2801.75
ES,darkpool,AR,2018-12-07,2621.0,2619.5,2610.5,2614.5,2612.0,2619.5
ES,darkpool,AR,2018-12-14,2611.75,2611.0,2608.0,2608.75,2610.25,2610.5
ES,darkpool,AR,2018-12-21,2422.25,2419.75,2409.0,2410.0,2412.75,2419.75
ES,darkpool,AR,2018-12-28,2504.75,2503.5,2499.5,2500.0,2501.75,2500.0
ES,darkpool,AR,2019-01-04,2551.75,2549.75,2542.5,2542.5,2550.75,2543.75
ES,darkpool,AR,2019-01-11,2585.5,2584.5,2582.5,2583.25,2584.5,2583.5
ES,darkpool,AR,2019-01-18,2669.25,2669.25,2660.75,2662.0,2667.5,2662.75
ES,darkpool,AR,2019-01-25,2659.5,2658.75,2654.0,2656.0,2657.5,2657.5
ES,darkpool,AR,2019-02-01,2709.25,2707.75,2705.5,2705.75,2707.5,2706.5
ES,darkpool,AR,2019-02-08,2706.0,2705.75,2701.25,2702.0,2704.5,2702.0
ES,darkpool,AR,2019-02-15,2778.25,2777.5,2774.25,2774.75,2775.25,2775.5
ES,darkpool,AR,2019-02-22,2801.25,2801.25,2799.5,2800.0,2800.0,2801.25
ES,darkpool,AR,2019-03-01,2816.75,2816.5,2814.25,2814.75,2816.25,2816.0
ES,darkpool,AR,2019-03-08,2748.25,2746.25,2740.5,2741.25,2747.75,2741.25
ES,darkpool,AR,2019-03-15,2828.0,2827.75,2825.5,2825.75,2826.5,2826.5
ES,darkpool,AR,2019-03-22,2813.0,2812.5,2801.5,2801.5,2812.0,2802.75
ES,darkpool,AR,2019-03-29,2857.5,2856.5,2850.0,2850.25,2851.0,2855.25
ES,darkpool,AR,2019-04-05,2899.5,2898.5,2896.0,2896.5,2896.5,2896.5
ES,darkpool,AR,2019-04-12,2912.0,2911.5,2910.25,2910.5,2911.5,2911.25
ES,darkpool,AR,2019-04-19,2913.0,2912.5,2910.5,2910.5,2912.75,2912.5
ES,darkpool,AR,2019-04-26,2942.5,2942.0,2940.0,2940.5,2941.0,2942.0
ES,darkpool,AR,2019-05-03,2909.0,2908.0,2891.0,2895.0,2907.25,2896.5
ES,darkpool,AR,2019-05-10,2864.5,2862.75,2852.5,2855.0,2863.5,2858.75
ES,darkpool,AR,2019-05-17,2874.25,2873.75,2868.25,2868.75,2869.25,2870.25
ES,darkpool,AR,2019-05-24,2834.75,2833.5,2826.0,2827.5,2834.25,2830.0
ES,darkpool,AR,2019-05-31,2739.25,2738.5,2734.25,2735.5,2738.0,2738.0
ES,darkpool,AR,2019-06-07,2890.5,2888.75,2883.25,2884.0,2889.0,2884.0
ES,darkpool,AR,2019-06-14,2901.75,2900.25,2897.0,2897.5,2897.25,2897.5
ES,darkpool,AR,2019-06-21,2957.25,2956.25,2953.5,2953.5,2954.25,2956.25
ES,darkpool,AR,2019-06-28,2971.5,2971.5,2967.0,2967.25,2970.5,2967.25
ES,darkpool,AR,2019-07-05,2992.5,2992.5,2987.25,2987.5,2992.25,2987.75
ES,darkpool,AR,2019-07-12,3015.25,3015.0,3012.75,3013.0,3015.0,3013.75
ES,darkpool,AR,2019-07-19,2980.5,2980.5,2976.75,2976.75,2977.75,2978.5
ES,darkpool,AR,2019-07-26,3024.5,3024.25,3021.25,3021.75,3024.0,3023.0
ES,darkpool,AR,2019-08-02,2929.75,2929.5,2925.25,2926.25,2929.0,2928.25
ES,darkpool,AR,2019-08-09,2920.5,2917.0,2913.0,2914.0,2920.25,2916.75
ES,darkpool,AR,2019-08-16,2907.25,2906.75,2901.5,2902.25,2903.5,2902.5
ES,darkpool,AR,2019-08-23,2834.0,2833.25,2821.25,2823.25,2824.75,2833.25
ES,darkpool,AR,2019-08-30,2911.5,2910.5,2907.25,2908.75,2907.25,2910.25
ES,darkpool,AR,2019-09-06,2985.0,2984.75,2980.75,2981.25,2982.75,2983.25
ES,darkpool,AR,2019-09-13,2998.0,2997.0,2983.5,2985.5,2997.75,2985.5
ES,darkpool,AR,2019-09-20,3005.5,3005.0,3001.75,3002.75,3004.5,3004.0
ES,darkpool,AR,2019-09-27,2972.5,2971.5,2968.25,2968.75,2968.75,2971.5
ES,darkpool,AR,2019-10-04,2942.75,2942.5,2936.0,2936.5,2942.25,2936.5
ES,darkpool,AR,2019-10-11,2982.5,2981.75,2976.75,2977.5,2978.5,2977.5
ES,darkpool,AR,2019-10-18,2994.25,2993.5,2989.5,2989.75,2989.75,2993.5
ES,darkpool,AR,2019-10-25,3026.25,3025.5,3023.25,3023.75,3025.0,3024.0
ES,darkpool,AR,2019-11-01,3068.25,3068.25,3066.5,3067.0,3067.75,3068.25
ES,darkpool,AR,2019-11-08,3088.5,3088.25,3084.75,3085.0,3088.0,3085.0
ES,darkpool,AR,2019-11-15,3116.25,3115.75,3114.0,3114.5,3114.25,3114.75
ES,darkpool,AR,2019-11-22,3121.25,3120.75,3118.5,3118.75,3119.0,3120.5
ES,darkpool,AR,2019-11-29,3153.75,3153.0,3151.25,3151.75,3153.25,3152.75
ES,darkpool,AR,2019-12-06,3142.5,3142.25,3139.5,3140.25,3141.5,3141.0
ES,darkpool,AR,2019-12-13,3181.25,3180.75,3178.75,3179.25,3179.25,3180.75
ES,darkpool,AR,2019-12-20,3228.75,3228.5,3226.5,3227.0,3227.5,3228.0
ES,darkpool,AR,2019-12-27,3242.25,3241.75,3240.0,3240.75,3242.0,3241.75
ES,darkpool,AR,2020-01-03,3224.5,3224.0,3220.25,3221.0,3223.25,3221.0
ES,darkpool,AR,2020-01-10,3274.0,3273.0,3266.75,3267.5,3267.25,3273.0
ES,darkpool,AR,2020-01-17,3327.75,3327.5,3325.75,3326.0,3327.25,3327.25
ES,darkpool,AR,2020-01-24,3269.0,3268.5,3262.0,3264.25,3264.75,3268.25
ES,darkpool,AR,2020-01-31,3244.5,3240.5,3232.75,3234.75,3233.5,3238.5
ES,darkpool,AR,2020-02-07,3320.25,3318.75,3312.75,3313.75,3314.25,3317.0
ES,darkpool,AR,2020-02-14,3386.5,3386.0,3382.5,3383.5,3385.75,3385.75
ES,darkpool,AR,2020-02-21,3303.75,3300.25,3293.75,3295.5,3301.75,3299.5
ES,darkpool,AR,2020-02-28,2941.25,2940.5,2908.75,2911.75,2916.75,2940.5
ES,darkpool,AR,2020-03-06,2839.0,2835.0,2819.0,2820.0,2836.5,2834.75
ES,darkpool,AR,2020-03-20,2229.0,2211.5,2174.0,2174.0,2174.0,2194.5
ES,darkpool,AR,2020-03-27,2502.0,2499.25,2481.75,2486.75,2482.0,2495.25
ES,darkpool,AR,2020-04-03,2540.0,2539.5,2511.0,2512.25,2519.25,2539.5
ES,darkpool,AR,2020-04-10,2750.5,2749.75,2738.75,2739.5,2746.5,2744.75
ES,darkpool,AR,2020-04-17,2858.25,2857.75,2846.75,2847.0,2852.75,2857.75
ES,darkpool,AR,2020-04-24,2825.0,2823.0,2814.25,2816.75,2823.25,2823.0
ES,darkpool,AR,2020-05-01,2784.5,2781.5,2773.0,2775.25,2784.5,2779.25
ES,darkpool,AR,2020-05-08,2942.0,2941.25,2930.5,2934.5,2930.5,2939.75
ES,darkpool,AR,2020-05-15,2872.25,2870.75,2865.25,2866.25,2871.0,2870.75
ES,darkpool,AR,2020-05-22,2969.5,2968.25,2962.75,2963.25,2965.0,2963.75
ES,darkpool,AR,2020-05-29,3037.0,3035.25,3017.5,3019.25,3021.0,3035.0
ES,darkpool,AR,2020-06-05,3211.5,3209.5,3196.5,3198.5,3208.5,3204.5
ES,darkpool,AR,2020-06-12,2991.75,2990.25,2976.75,2981.25,2982.25,2987.5
ES,darkpool,AR,2020-06-19,3059.75,3058.5,3045.0,3049.0,3047.0,3056.5
ES,darkpool,AR,2020-06-26,3004.75,3003.5,2990.5,2994.75,2990.75,2996.75
ES,darkpool,AR,2020-07-03,3138.75,3137.75,3131.25,3132.25,3133.0,3137.25
ES,darkpool,AR,2020-07-10,3191.5,3190.0,3181.75,3182.5,3190.75,3187.0
ES,darkpool,AR,2020-07-17,3222.25,3222.0,3217.0,3217.0,3218.5,3217.0
ES,darkpool,AR,2020-07-24,3214.75,3214.25,3195.0,3197.5,3195.0,3214.25
ES,darkpool,AR,2020-07-31,3267.5,3264.75,3255.75,3259.0,3256.0,3262.75
ES,darkpool,AR,2020-08-07,3345.75,3344.5,3338.5,3340.5,3338.5,3343.0
ES,darkpool,AR,2020-08-14,3371.5,3370.75,3367.5,3368.25,3367.75,3370.75
ES,darkpool,AR,2020-08-21,3400.5,3399.75,3393.5,3396.0,3399.75,3398.75
ES,darkpool,AR,2020-08-28,3522.0,3521.5,3514.0,3514.75,3515.0,3520.75
ES,darkpool,AR,2020-09-04,3416.0,3413.5,3396.25,3397.0,3406.75,3403.5
ES,darkpool,AR,2020-09-11,3362.0,3361.5,3355.25,3356.25,3356.0,3358.0
ES,darkpool,AR,2020-09-18,3323.0,3321.75,3307.5,3310.75,3308.75,3321.75
ES,darkpool,AR,2020-09-25,3297.75,3297.0,3292.0,3292.5,3295.5,3294.75
ES,darkpool,AR,2020-10-02,3366.5,3365.0,3354.5,3355.75,3356.75,3364.0
ES,darkpool,AR,2020-10-09,3474.0,3471.5,3464.25,3467.0,3467.75,3468.75
ES,darkpool,AR,2020-10-16,3481.25,3480.5,3475.5,3476.5,3477.25,3479.75
ES,darkpool,AR,2020-10-23,3442.0,3441.25,3435.75,3437.5,3438.5,3437.5
ES,darkpool,AR,2020-10-30,3267.0,3264.25,3248.0,3250.25,3251.75,3262.0
ES,darkpool,AR,2020-11-06,3556.5,3555.75,3536.25,3536.75,3538.5,3554.75
ES,darkpool,AR,2020-11-13,3610.5,3609.25,3603.25,3604.0,3606.5,3608.25
ES,darkpool,AR,2020-11-20,3566.5,3565.5,3561.5,3562.0,3562.0,3565.0
ES,darkpool,AR,2020-11-27,3635.75,3634.5,3623.25,3627.25,3634.0,3629.0
ES,darkpool,AR,2020-12-04,3700.0,3699.25,3694.75,3696.5,3695.5,3697.5
ES,darkpool,AR,2020-12-11,3682.25,3681.5,3677.75,3678.5,3679.25,3681.0
ES,darkpool,AR,2020-12-18,3711.5,3711.0,3699.25,3702.5,3699.25,3703.75
ES,darkpool,AR,2020-12-25,3710.0,3709.25,3702.5,3703.5,3704.25,3709.25
ES,darkpool,AR,2021-01-01,3746.75,3745.5,3738.25,3740.75,3746.5,3745.0
ES,darkpool,AR,2021-01-08,3809.5,3808.25,3804.0,3805.0,3807.75,3807.0
ES,darkpool,AR,2021-01-15,3757.75,3757.25,3749.0,3750.0,3754.75,3751.0
ES,darkpool,AR,2021-01-22,3848.0,3847.0,3843.5,3844.75,3843.5,3846.25
ES,darkpool,AR,2021-01-29,3695.5,3694.75,3677.25,3680.75,3688.5,3694.75
ES,darkpool,AR,2021-02-05,3899.75,3899.5,3893.75,3895.0,3895.25,3899.5
ES,darkpool,AR,2021-02-12,3945.75,3945.0,3942.5,3942.5,3944.5,3942.75
ES,darkpool,AR,2021-02-19,3914.5,3913.75,3904.75,3907.25,3905.25,3913.0
ES,darkpool,AR,2021-02-26,3843.75,3842.75,3836.75,3838.0,3839.5,3842.75
ES,darkpool,AR,2021-03-05,3855.0,3852.5,3841.75,3842.75,3844.0,3845.25
ES,darkpool,AR,2021-03-12,3944.25,3943.75,3939.5,3940.5,3940.75,3943.5
ES,darkpool,AR,2021-03-19,3898.75,3898.0,3892.5,3893.5,3897.75,3893.5
ES,darkpool,AR,2021-03-26,3953.75,3953.25,3944.25,3945.75,3952.5,3945.75
ES,darkpool,AR,2021-04-02,4033.75,4032.75,4028.75,4029.25,4028.75,4030.25
ES,darkpool,AR,2021-04-09,4114.0,4112.5,4106.0,4106.75,4113.5,4109.75
ES,darkpool,AR,2021-04-16,4167.75,4167.5,4160.75,4162.0,4167.25,4164.0
ES,darkpool,AR,2021-04-23,4171.5,4170.5,4164.5,4166.75,4169.5,4170.5
ES,darkpool,AR,2021-04-30,4192.0,4191.5,4186.5,4187.0,4186.5,4191.0
ES,darkpool,AR,2021-05-07,4238.25,4237.5,4229.75,4229.75,4230.25,4236.0
ES,darkpool,AR,2021-05-14,4172.5,4171.25,4160.5,4160.5,4171.25,4160.5
ES,darkpool,AR,2021-05-21,4162.25,4161.5,4149.5,4149.5,4153.5,4160.0
ES,darkpool,AR,2021-05-28,4210.0,4209.75,4205.25,4206.5,4209.75,4207.5
ES,darkpool,AR,2021-06-04,4230.25,4229.5,4222.25,4223.25,4229.75,4223.5
ES,darkpool,AR,2021-06-11,4252.5,4250.75,4246.25,4247.25,4249.25,4248.5
ES,darkpool,AR,2021-06-18,4151.75,4151.0,4145.75,4146.0,4151.75,4146.0
ES,darkpool,AR,2021-06-25,4277.75,4277.0,4273.75,4273.75,4277.25,4274.0
ES,darkpool,AR,2021-07-02,4341.25,4340.5,4334.5,4335.75,4340.5,4337.5
ES,darkpool,AR,2021-07-09,4365.0,4365.0,4358.25,4359.0,4361.5,4359.5
ES,darkpool,AR,2021-07-16,4310.0,4310.0,4302.5,4303.5,4308.75,4307.25
ES,darkpool,AR,2021-07-23,4405.25,4404.75,4393.75,4394.0,4405.0,4394.0
ES,darkpool,AR,2021-07-30,4408.0,4407.75,4403.25,4405.0,4405.75,4407.75
ES,darkpool,AR,2021-08-06,4418.75,4417.0,4412.25,4413.5,4418.75,4414.5
ES,darkpool,AR,2021-08-13,4458.0,4457.5,4450.0,4451.5,4458.0,4452.5
ES,darkpool,AR,2021-08-20,4443.0,4441.75,4438.75,4439.5,4442.0,4441.75
ES,darkpool,AR,2021-08-27,4513.25,4513.0,4505.0,4505.75,4508.75,4505.75
ES,darkpool,AR,2021-09-03,4531.5,4530.25,4525.25,4525.5,4531.0,4525.5
ES,darkpool,AR,2021-09-10,4476.0,4475.5,4467.5,4468.0,4472.0,4468.0
ES,darkpool,AR,2021-09-17,4418.0,4417.5,4413.5,4415.0,4415.25,4417.5
ES,darkpool,AR,2021-09-24,4461.5,4461.25,4447.75,4448.25,4450.5,4460.25
ES,darkpool,AR,2021-10-01,4361.75,4361.0,4350.25,4350.75,4360.75,4351.5
ES,darkpool,AR,2021-10-08,4367.25,4365.25,4352.25,4357.0,4366.0,4363.0
ES,darkpool,AR,2021-10-15,4458.0,4456.25,4450.75,4452.5,4457.75,4455.5
ES,darkpool,AR,2021-10-22,4529.75,4529.25,4522.5,4523.25,4529.25,4528.25
ES,darkpool,AR,2021-10-29,4615.5,4615.0,4608.0,4609.25,4609.0,4613.5
ES,darkpool,AR,2021-11-05,4683.25,4682.75,4679.25,4680.25,4682.0,4682.0
ES,darkpool,AR,2021-11-12,4687.0,4686.5,4683.25,4684.0,4684.75,4684.25
ES,darkpool,AR,2021-11-19,4706.5,4705.75,4699.75,4700.5,4701.0,4705.75
ES,darkpool,AR,2021-11-26,4635.0,4632.0,4622.25,4625.75,4624.5,4629.0
ES,darkpool,AR,2021-12-03,4562.5,4559.5,4545.75,4547.25,4549.75,4558.75
ES,darkpool,AR,2021-12-10,4729.75,4729.25,4720.5,4722.75,4721.25,4729.25
ES,darkpool,AR,2021-12-17,4592.5,4591.0,4581.25,4582.75,4584.25,4587.0
ES,darkpool,AR,2021-12-24,4725.0,4724.0,4717.5,4718.5,4724.5,4720.5
ES,darkpool,AR,2021-12-31,4785.0,4784.5,4778.5,4779.0,4779.5,4783.25
ES,darkpool,AR,2022-01-07,4664.0,4663.25,4655.75,4656.75,4659.5,4656.75
ES,darkpool,AR,2022-01-14,4654.25,4652.0,4645.25,4647.0,4650.25,4648.5
ES,darkpool,AR,2022-01-21,4425.0,4424.5,4406.5,4408.25,4415.5,4422.0
ES,darkpool,AR,2022-01-28,4420.75,4417.0,4407.25,4409.25,4416.5,4411.5
ES,darkpool,AR,2022-02-04,4491.0,4489.5,4479.75,4480.25,4486.75,4486.0
ES,darkpool,AR,2022-02-11,4421.5,4419.5,4407.75,4409.0,4418.0,4414.0
ES,darkpool,AR,2022-02-18,4368.5,4364.5,4317.5,4320.0,4318.75,4360.5
ES,darkpool,AR,2022-02-25,4314.0,4307.75,4280.25,4283.0,4281.5,4304.25
ES,darkpool,AR,2022-03-04,4271.0,4268.75,4257.0,4260.0,4268.75,4260.0
ES,darkpool,AR,2022-03-11,4239.75,4239.25,4227.75,4228.25,4230.5,4235.0
ES,darkpool,AR,2022-03-18,4456.5,4454.0,4444.0,4446.75,4455.75,4446.75
ES,darkpool,AR,2022-03-25,4531.75,4530.25,4524.0,4524.5,4531.0,4527.25
ES,darkpool,AR,2022-04-01,4535.25,4533.75,4527.75,4529.25,4534.75,4531.25
ES,darkpool,AR,2022-04-08,4484.0,4483.0,4466.5,4468.0,4482.75,4472.75
ES,darkpool,AR,2022-04-15,4363.5,4361.5,4355.5,4356.75,4359.5,4360.5
ES,darkpool,AR,2022-04-22,4267.25,4263.75,4237.75,4242.5,4265.0,4249.75
ES,darkpool,AR,2022-04-29,4141.0,4136.25,4122.25,4124.75,4141.0,4128.75
ES,darkpool,AR,2022-05-06,4088.5,4085.0,4073.0,4075.0,4085.0,4076.25
ES,darkpool,AR,2022-05-13,4042.0,4040.5,4024.75,4027.25,4031.0,4028.25
ES,darkpool,AR,2022-05-20,3942.0,3940.75,3930.25,3932.0,3936.25,3939.75
ES,darkpool,AR,2022-05-27,4173.25,4172.5,4162.5,4163.75,4167.75,4168.0
ES,darkpool,AR,2022-06-03,4116.0,4115.5,4104.5,4106.5,4108.5,4114.0
ES,darkpool,AR,2022-06-10,3865.25,3864.25,3852.5,3854.0,3864.5,3854.0
ES,darkpool,AR,2022-06-17,3707.5,3706.5,3682.75,3688.25,3701.25,3691.75
ES,darkpool,AR,2022-06-24,3913.0,3909.5,3895.5,3896.75,3912.75,3900.75
ES,darkpool,AR,2022-07-01,3821.0,3817.25,3806.75,3808.5,3821.0,3811.0
ES,darkpool,AR,2022-07-08,3899.75,3899.0,3890.0,3890.5,3893.5,3894.75
ES,darkpool,AR,2022-07-15,3876.25,3875.75,3870.25,3871.5,3874.0,3872.75
ES,darkpool,AR,2022-07-22,3966.0,3965.25,3956.0,3956.75,3961.25,3963.5
ES,darkpool,AR,2022-07-29,4122.75,4119.5,4114.25,4115.0,4118.75,4119.5
ES,darkpool,AR,2022-08-05,4140.5,4139.0,4132.25,4133.25,4134.25,4137.75
ES,darkpool,AR,2022-08-12,4274.5,4274.0,4268.5,4269.0,4273.25,4271.5
ES,darkpool,AR,2022-08-19,4215.25,4214.75,4206.25,4208.5,4214.0,4208.5
ES,darkpool,AR,2022-08-26,4022.25,4019.75,4010.25,4010.5,4018.25,4019.5
ES,darkpool,AR,2022-09-02,3938.75,3938.25,3926.75,3928.0,3928.75,3930.0
ES,darkpool,AR,2022-09-09,4081.75,4079.75,4070.75,4071.0,4078.75,4072.5
ES,darkpool,AR,2022-09-16,3899.0,3897.5,3891.5,3891.75,3894.0,3897.5
ES,darkpool,AR,2022-09-23,3709.0,3707.5,3695.5,3697.75,3706.25,3699.5
ES,darkpool,AR,2022-09-30,3601.5,3599.75,3572.5,3575.75,3599.5,3580.0
ES,darkpool,AR,2022-10-07,3638.75,3634.25,3620.25,3624.75,3628.25,3634.25
ES,darkpool,AR,2022-10-14,3616.5,3616.25,3606.0,3606.25,3608.0,3608.25
ES,darkpool,AR,2022-10-21,3801.5,3799.5,3781.75,3785.75,3790.0,3789.25
ES,darkpool,AR,2022-10-28,3910.5,3909.5,3902.0,3902.75,3907.0,3904.0
ES,darkpool,AR,2022-11-04,3763.75,3763.5,3750.5,3753.5,3757.25,3753.5
ES,darkpool,AR,2022-11-11,3995.75,3995.25,3985.25,3986.0,3986.25,3992.0
ES,darkpool,AR,2022-11-18,3968.25,3965.75,3958.25,3959.25,3967.25,3959.5
ES,darkpool,AR,2022-11-25,4016.25,4016.0,4007.0,4007.25,4014.75,4007.25
ES,darkpool,AR,2022-12-02,4072.75,4072.0,4067.0,4068.0,4071.25,4070.5
ES,darkpool,AR,2022-12-09,3932.75,3932.5,3924.5,3925.0,3931.5,3929.0
ES,darkpool,AR,2022-12-16,3888.5,3887.75,3881.0,3881.5,3884.25,3887.25
ES,darkpool,AR,2023-01-06,3927.0,3926.5,3920.25,3922.25,3920.5,3922.75
ES,darkpool,AR,2023-01-13,4022.0,4021.75,4017.75,4018.5,4017.75,4020.25
ES,darkpool,AR,2023-01-20,3986.5,3986.25,3981.25,3982.0,3983.5,3985.5
ES,darkpool,AR,2023-01-27,4081.0,4079.5,4074.75,4075.75,4081.0,4076.5
ES,darkpool,AR,2023-02-03,4138.5,4138.0,4135.0,4135.25,4135.75,4136.0
ES,darkpool,AR,2023-02-10,4091.0,4090.75,4079.5,4080.0,4088.25,4080.0
ES,darkpool,AR,2023-02-17,4083.5,4082.5,4076.25,4076.75,4077.75,4082.5
ES,darkpool,AR,2023-02-24,3981.25,3980.5,3975.75,3976.75,3975.75,3980.5
ES,darkpool,AR,2023-03-03,4047.5,4046.25,4043.5,4044.5,4047.25,4046.25
ES,darkpool,AR,2023-03-10,3921.25,3920.25,3905.25,3906.0,3912.75,3920.25
ES,darkpool,AR,2023-03-17,3978.25,3976.75,3965.25,3969.75,3965.25,3976.75
ES,darkpool,AR,2023-03-24,4027.25,4025.5,4013.25,4013.25,4025.0,4013.25
ES,darkpool,AR,2023-03-31,4135.0,4133.0,4122.75,4124.25,4133.5,4128.0
ES,darkpool,AR,2023-04-07,4137.75,4137.0,4131.75,4132.75,4135.5,4132.75
ES,darkpool,AR,2023-04-14,4173.25,4172.5,4170.5,4171.0,4171.5,4172.0
ES,darkpool,AR,2023-04-21,4152.0,4151.75,4145.25,4145.5,4151.25,4146.25
ES,darkpool,AR,2023-04-28,4186.5,4185.5,4181.0,4182.0,4185.25,4183.75
ES,darkpool,AR,2023-05-05,4152.5,4151.25,4142.5,4143.5,4152.0,4146.5
ES,darkpool,AR,2023-05-12,4133.25,4132.75,4129.75,4130.25,4130.5,4131.5
ES,darkpool,AR,2023-05-19,4203.75,4203.25,4198.0,4198.25,4198.5,4202.0
ES,darkpool,AR,2023-05-26,4234.5,4233.5,4227.25,4227.5,4231.0,4227.5
ES,darkpool,AR,2023-06-02,4287.5,4287.0,4280.5,4280.75,4286.0,4284.25
ES,darkpool,AR,2023-06-09,4312.0,4311.75,4308.5,4309.0,4310.75,4311.75
ES,darkpool,AR,2023-06-16,4459.75,4459.5,4451.5,4452.0,4459.5,4452.0
ES,darkpool,AR,2023-06-23,4398.75,4398.0,4393.25,4393.75,4398.75,4396.75
ES,darkpool,AR,2023-06-30,4490.75,4490.0,4485.75,4486.0,4488.5,4486.0
ES,darkpool,AR,2023-07-07,4438.25,4438.25,4428.0,4428.25,4437.75,4428.25
ES,darkpool,AR,2023-07-14,4530.75,4530.25,4528.25,4528.75,4528.75,4529.25
ES,darkpool,AR,2023-07-21,4563.5,4563.25,4560.0,4560.0,4561.25,4563.25
ES,darkpool,AR,2023-07-28,4616.0,4614.25,4609.25,4609.5,4615.0,4609.5
ES,darkpool,AR,2023-08-04,4511.5,4511.25,4503.25,4504.25,4505.5,4509.75
ES,darkpool,AR,2023-08-11,4490.75,4490.5,4487.0,4487.5,4490.25,4489.75
ES,darkpool,AR,2023-08-18,4389.25,4388.75,4383.5,4384.0,4384.0,4388.75
ES,darkpool,AR,2023-08-25,4422.5,4422.0,4415.25,4416.0,4420.75,4416.0
ES,darkpool,AR,2023-09-01,4521.5,4521.25,4517.75,4518.0,4518.0,4521.0
ES,darkpool,AR,2023-09-08,4468.0,4466.75,4462.75,4463.5,4465.0,4463.75
ES,darkpool,AR,2023-09-15,4507.25,4506.75,4503.25,4503.75,4503.75,4504.5
ES,darkpool,AR,2023-09-22,4368.0,4367.75,4360.5,4360.75,4366.0,4363.0
ES,darkpool,AR,2023-09-29,4351.0,4350.75,4341.25,4343.5,4342.75,4350.0
ES,darkpool,AR,2023-10-06,4313.5,4312.75,4305.25,4306.0,4310.0,4311.0
ES,darkpool,AR,2023-10-13,4373.0,4370.75,4365.0,4365.75,4366.75,4370.75
ES,darkpool,AR,2023-10-20,4261.5,4261.25,4255.5,4256.25,4257.5,4256.25
ES,darkpool,AR,2023-10-27,4153.0,4152.5,4147.5,4147.75,4149.5,4151.0
ES,darkpool,AR,2023-11-03,4377.25,4377.25,4374.0,4374.25,4374.75,4375.5
ES,darkpool,AR,2023-11-10,4420.0,4419.5,4415.75,4415.75,4419.25,4417.5
ES,darkpool,AR,2023-11-17,4526.5,4525.75,4523.25,4524.0,4524.25,4524.75
ES,darkpool,AR,2023-11-24,4562.75,4562.75,4557.25,4557.5,4559.0,4562.75
ES,darkpool,AR,2023-12-01,4596.75,4596.5,4594.25,4594.5,4595.5,4596.0
ES,darkpool,AR,2023-12-08,4609.75,4608.5,4605.5,4605.75,4609.5,4607.0
ES,darkpool,AR,2023-12-15,4778.5,4778.0,4774.5,4775.25,4777.5,4776.75
ES,darkpool,AR,2024-01-05,4743.25,4743.0,4739.75,4740.5,4741.0,4741.75
ES,darkpool,AR,2024-01-12,4812.5,4812.0,4809.25,4809.5,4810.5,4809.5
ES,darkpool,AR,2024-01-19,4887.5,4887.0,4876.5,4878.0,4877.0,4884.75
ES,darkpool,AR,2024-01-26,4911.75,4911.0,4903.5,4903.75,4903.75,4911.0
ES,darkpool,AR,2024-02-02,4971.25,4969.25,4964.25,4966.0,4970.75,4966.75
ES,darkpool,AR,2024-02-09,5044.75,5044.5,5042.75,5043.5,5043.0,5044.25
ES,darkpool,AR,2024-02-16,5029.5,5028.75,5023.75,5024.75,5025.75,5024.75
ES,darkpool,AR,2024-02-23,5095.25,5094.5,5087.25,5088.5,5094.25,5091.75
ES,darkpool,AR,2024-03-01,5143.25,5142.75,5141.0,5141.25,5141.75,5142.25
ES,darkpool,AR,2024-03-08,5131.25,5129.75,5123.25,5124.5,5124.75,5126.25
ES,darkpool,AR,2024-03-15,5187.25,5186.5,5181.75,5182.5,5185.25,5184.0
ES,darkpool,AR,2024-03-22,5294.75,5294.5,5291.0,5291.5,5291.5,5293.0
ES,darkpool,AR,2024-03-29,5333.5,5332.75,5327.25,5327.5,5329.25,5328.25
ES,darkpool,AR,2024-04-05,5260.0,5259.5,5250.5,5250.75,5259.0,5250.75
ES,darkpool,AR,2024-04-12,5187.75,5185.25,5171.25,5173.5,5182.5,5180.5
ES,darkpool,AR,2024-04-19,5023.75,5023.0,5017.5,5017.75,5018.25,5021.25
ES,darkpool,AR,2024-04-26,5143.0,5142.25,5137.25,5138.25,5137.5,5139.75
ES,darkpool,AR,2024-05-03,5163.25,5163.0,5156.25,5157.0,5163.0,5157.25
ES,darkpool,AR,2024-05-10,5244.75,5244.5,5241.25,5242.5,5243.5,5242.75
ES,darkpool,AR,2024-05-17,5336.5,5335.75,5332.25,5333.25,5334.75,5334.5
ES,darkpool,AR,2024-05-24,5318.0,5317.25,5314.75,5315.5,5317.5,5315.5
ES,darkpool,AR,2024-05-31,5311.0,5310.75,5299.0,5299.75,5301.25,5310.75
ES,darkpool,AR,2024-06-07,5357.0,5356.0,5351.75,5352.5,5355.25,5352.5
ES,darkpool,AR,2024-06-14,5503.0,5502.5,5500.0,5501.0,5502.25,5502.25
ES,darkpool,AR,2024-06-21,5539.0,5539.0,5535.5,5536.0,5539.0,5537.5
ES,darkpool,AR,2024-06-28,5534.25,5533.75,5526.5,5529.25,5532.5,5533.75
ES,darkpool,AR,2024-07-05,5615.5,5614.5,5611.25,5612.0,5615.0,5614.0
ES,darkpool,AR,2024-07-12,5673.0,5672.5,5668.75,5669.5,5669.75,5672.5
ES,darkpool,AR,2024-07-19,5573.0,5572.75,5564.75,5567.25,5572.75,5569.75
ES,darkpool,AR,2024-07-26,5522.25,5521.25,5511.25,5512.0,5512.75,5521.25
ES,darkpool,AR,2024-08-02,5328.75,5324.0,5298.25,5305.75,5328.0,5316.25
ES,darkpool,AR,2024-08-09,5373.0,5371.0,5362.0,5364.25,5366.25,5364.5
ES,darkpool,AR,2024-08-16,5589.25,5588.5,5581.0,5583.75,5588.75,5588.0
ES,darkpool,AR,2024-08-23,5650.5,5649.0,5642.0,5642.25,5643.25,5647.5
ES,darkpool,AR,2024-08-30,5655.5,5655.0,5651.75,5652.75,5654.25,5654.75
ES,darkpool,AR,2024-09-06,5427.5,5426.75,5415.25,5416.75,5418.25,5426.75
ES,darkpool,AR,2024-09-13,5695.5,5695.0,5691.5,5691.75,5693.25,5691.75
ES,darkpool,AR,2024-09-20,5770.75,5770.75,5761.75,5762.5,5761.75,5770.75
ES,darkpool,AR,2024-09-27,5802.75,5801.5,5793.75,5794.75,5795.25,5798.0
ES,darkpool,AR,2024-10-04,5804.75,5804.5,5795.75,5796.0,5804.0,5796.0
ES,darkpool,AR,2024-10-11,5859.0,5858.5,5853.75,5854.25,5856.0,5855.75
ES,darkpool,AR,2024-10-18,5914.75,5914.5,5910.75,5911.5,5914.5,5911.5
ES,darkpool,AR,2024-10-25,5878.25,5876.75,5868.5,5869.25,5872.75,5876.75
ES,darkpool,AR,2024-11-01,5755.0,5753.5,5745.5,5746.0,5747.25,5753.25
ES,darkpool,AR,2024-11-08,6037.25,6035.25,6031.25,6031.75,6036.25,6033.5
ES,darkpool,AR,2024-11-15,5914.5,5913.75,5907.5,5907.75,5909.5,5913.25
ES,darkpool,AR,2024-11-22,6015.0,6014.25,6011.0,6011.25,6011.75,6014.0
ES,darkpool,AR,2024-11-29,6047.5,6046.25,6042.0,6042.75,6047.25,6044.75
ES,darkpool,AR,2024-12-06,6099.25,6098.75,6094.0,6094.5,6097.5,6096.5
ES,darkpool,AR,2024-12-13,6131.75,6131.0,6128.25,6128.25,6130.25,6129.0
ES,darkpool,AR,2024-12-20,6020.25,6020.25,6011.75,6012.75,6012.5,6020.25
ES,darkpool,AR,2024-12-27,6027.25,6026.75,6019.25,6019.25,6025.75,6023.0
ES,darkpool,AR,2025-01-03,5987.25,5986.25,5982.0,5982.5,5986.25,5984.25
ES,darkpool,AR,2025-01-10,5864.5,5863.25,5851.5,5852.0,5862.5,5852.0
ES,darkpool,AR,2025-01-17,6030.25,6029.75,6022.25,6023.0,6024.0,6025.25
ES,darkpool,AR,2025-01-24,6099.0,6096.5,6080.5,6081.75,6098.5,6083.75
ES,darkpool,AR,2025-01-31,5973.25,5969.75,5956.25,5957.25,5967.5,5969.75
ES,darkpool,AR,2025-02-07,6070.0,6069.25,6061.5,6063.5,6061.75,6065.25
ES,darkpool,AR,2025-02-14,6139.0,6138.75,6133.0,6133.25,6134.5,6138.75
ES,darkpool,AR,2025-02-21,6056.75,6055.0,6049.25,6049.75,6056.5,6049.75
ES,darkpool,AR,2025-02-28,5962.75,5960.25,5947.0,5953.75,5956.25,5960.25
ES,darkpool,AR,2025-03-07,5739.75,5738.0,5726.25,5729.25,5735.75,5729.25
ES,darkpool,AR,2025-03-14,5666.25,5665.25,5658.0,5658.75,5662.25,5663.25
ES,darkpool,AR,2025-03-21,5757.25,5756.75,5743.0,5746.0,5744.25,5756.5
ES,darkpool,AR,2025-03-28,5593.75,5593.0,5575.75,5578.0,5584.0,5579.5
ES,darkpool,AR,2025-04-04,4930.0,4924.5,4871.0,4874.75,4896.5,4924.5
ES,darkpool,AR,2025-04-11,5442.0,5439.0,5425.5,5429.5,5436.5,5431.75
ES,darkpool,AR,2025-04-18,5303.25,5301.75,5284.75,5286.0,5285.75,5301.75
ES,darkpool,AR,2025-04-25,5534.25,5533.75,5523.25,5526.25,5531.5,5527.5
ES,darkpool,AR,2025-05-02,5686.25,5685.5,5671.0,5676.25,5683.75,5681.25
ES,darkpool,AR,2025-05-09,5754.0,5751.75,5742.75,5743.25,5752.75,5749.5
ES,darkpool,AR,2025-05-16,5948.0,5947.25,5928.25,5928.5,5940.25,5928.5
ES,darkpool,AR,2025-05-23,5873.0,5869.5,5859.5,5863.0,5862.25,5864.75
ES,darkpool,AR,2025-05-30,5906.0,5904.0,5893.25,5895.25,5896.25,5900.25
ES,darkpool,AR,2025-06-06,6006.5,6006.5,6000.0,6000.25,6000.5,6001.75
ES,darkpool,AR,2025-06-13,6042.75,6042.5,6025.25,6032.25,6027.5,6037.25
ES,darkpool,AR,2025-06-20,6002.5,6000.25,5989.0,5989.5,5999.25,5991.25
