session_id,day_date,session,end,action,pred_pnl,pnl_points_net,entered,outcome_code,equity_points,walk_train_start,walk_train_end,walk_test_start,walk_test_end
ES-20120113-TOUT,2012-01-13,TOUT,2012-01-13 16:55:00-05:00,mid_revert_short,0.5363821387290955,2.0,1.0,2,2.0,2008-01-01,2011-12-31,2012-01-01,2012-03-31
ES-20120424-TOUT,2012-04-24,TOUT,2012-04-24 16:55:00-04:00,mid_revert_short,0.5756802558898926,0.5,1.0,1,2.5,2008-04-01,2012-03-31,2012-04-01,2012-06-30
ES-20120608-TOUT,2012-06-08,TOUT,2012-06-08 16:55:00-04:00,breakout_long,0.5102039575576782,4.395646483537121,1.0,2,6.895646483537121,2008-04-01,2012-03-31,2012-04-01,2012-06-30
ES-20120810-TOUT,2012-08-10,TOUT,2012-08-10 16:55:00-04:00,breakout_short,0.6029094457626343,0.25,1.0,1,7.145646483537121,2008-07-01,2012-06-30,2012-07-01,2012-09-30
ES-20121102-TOUT,2012-11-02,TOUT,2012-11-02 16:55:00-04:00,breakout_short,1.017530083656311,0.0,1.0,1,7.145646483537121,2008-10-01,2012-09-30,2012-10-01,2012-12-31
ES-20121109-TOUT,2012-11-09,TOUT,2012-11-09 16:55:00-05:00,breakout_short,0.9826676845550537,0.5,1.0,1,7.645646483537121,2008-10-01,2012-09-30,2012-10-01,2012-12-31
ES-20121025-TOUT,2012-10-25,TOUT,2012-10-25 16:55:00-04:00,fade_low_long,0.8714685440063477,0.0,0.0,-1,7.645646483537121,2008-10-01,2012-09-30,2012-10-01,2012-12-31
ES-20121026-TOUT,2012-10-26,TOUT,2012-10-26 16:55:00-04:00,breakout_short,0.8177653551101685,4.5,1.0,1,12.14564648353712,2008-10-01,2012-09-30,2012-10-01,2012-12-31
ES-20121228-TOUT,2012-12-28,TOUT,2012-12-28 16:55:00-05:00,fade_low_long,0.7123454213142395,0.0,0.0,-1,12.14564648353712,2008-10-01,2012-09-30,2012-10-01,2012-12-31
ES-20121116-TOUT,2012-11-16,TOUT,2012-11-16 16:55:00-05:00,breakout_long,0.5474409461021423,3.25,1.0,1,15.39564648353712,2008-10-01,2012-09-30,2012-10-01,2012-12-31
ES-20121019-TOUT,2012-10-19,TOUT,2012-10-19 16:55:00-04:00,breakout_short,0.5281967520713806,-1.3031906410121792,1.0,0,14.092455842524942,2008-10-01,2012-09-30,2012-10-01,2012-12-31
ES-20130415-TOUT,2013-04-15,TOUT,2013-04-15 16:55:00-04:00,fade_low_long,0.8741902112960815,0.0,0.0,-1,14.092455842524942,2009-04-01,2013-03-31,2013-04-01,2013-06-30
ES-20130522-TOUT,2013-05-22,TOUT,2013-05-22 16:55:00-04:00,breakout_short,0.8120449185371399,0.0,0.0,-1,14.092455842524942,2009-04-01,2013-03-31,2013-04-01,2013-06-30
ES-20130408-TOUT,2013-04-08,TOUT,2013-04-08 16:55:00-04:00,mid_revert_short,0.5178812146186829,2.375,1.0,2,16.46745584252494,2009-04-01,2013-03-31,2013-04-01,2013-06-30
ES-20130705-TOUT,2013-07-05,TOUT,2013-07-05 16:55:00-04:00,mid_revert_short,0.6982901096343994,-1.7068350699555594,1.0,0,14.760620772569382,2009-07-01,2013-06-30,2013-07-01,2013-09-30
ES-20130821-TOUT,2013-08-21,TOUT,2013-08-21 16:55:00-04:00,mid_revert_long,0.6769717931747437,-1.310970261004968,1.0,0,13.449650511564414,2009-07-01,2013-06-30,2013-07-01,2013-09-30
ES-20130710-TOUT,2013-07-10,TOUT,2013-07-10 16:55:00-04:00,mid_revert_short,0.662015974521637,-1.7422497145339548,1.0,0,11.70740079703046,2009-07-01,2013-06-30,2013-07-01,2013-09-30
ES-20130815-TOUT,2013-08-15,TOUT,2013-08-15 16:55:00-04:00,mid_revert_long,0.5407420992851257,1.125,1.0,2,12.83240079703046,2009-07-01,2013-06-30,2013-07-01,2013-09-30
ES-20140319-TOUT,2014-03-19,TOUT,2014-03-19 16:55:00-04:00,mid_revert_long,0.5177967548370361,2.125,1.0,2,14.95740079703046,2010-01-01,2013-12-31,2014-01-01,2014-03-31
ES-20140113-TOUT,2014-01-13,TOUT,2014-01-13 16:55:00-05:00,breakout_short,0.5023590326309204,0.0,0.0,-1,14.95740079703046,2010-01-01,2013-12-31,2014-01-01,2014-03-31
ES-20140415-TOUT,2014-04-15,TOUT,2014-04-15 16:55:00-04:00,breakout_long,0.5783030390739441,-1.2933845483757977,1.0,0,13.664016248654661,2010-04-01,2014-03-31,2014-04-01,2014-06-30
ES-20141211-TOUT,2014-12-11,TOUT,2014-12-11 16:55:00-05:00,fade_low_long,0.6376206874847412,0.0,0.0,-1,13.664016248654661,2010-10-01,2014-09-30,2014-10-01,2014-12-31
ES-20141009-TOUT,2014-10-09,TOUT,2014-10-09 16:55:00-04:00,mid_revert_short,0.5816052556037903,0.0,0.0,-1,13.664016248654661,2010-10-01,2014-09-30,2014-10-01,2014-12-31
ES-20150128-TOUT,2015-01-28,TOUT,2015-01-28 16:55:00-05:00,breakout_short,0.9956179261207581,0.0,0.0,-1,13.664016248654661,2011-01-01,2014-12-31,2015-01-01,2015-03-31
ES-20150129-TOUT,2015-01-29,TOUT,2015-01-29 16:55:00-05:00,breakout_long,0.9153435230255127,-3.3103577362269334,1.0,0,10.353658512427728,2011-01-01,2014-12-31,2015-01-01,2015-03-31
ES-20150211-TOUT,2015-02-11,TOUT,2015-02-11 16:55:00-05:00,breakout_long,0.8801880478858948,0.0,0.0,-1,10.353658512427728,2011-01-01,2014-12-31,2015-01-01,2015-03-31
ES-20150520-TOUT,2015-05-20,TOUT,2015-05-20 16:55:00-04:00,mid_revert_long,0.5250294208526611,-1.3041272269165347,1.0,0,9.049531285511193,2011-04-01,2015-03-31,2015-04-01,2015-06-30
ES-20150526-TOUT,2015-05-26,TOUT,2015-05-26 16:55:00-04:00,mid_revert_short,0.5161619782447815,1.0,1.0,1,10.049531285511193,2011-04-01,2015-03-31,2015-04-01,2015-06-30
ES-20150709-TOUT,2015-07-09,TOUT,2015-07-09 16:55:00-04:00,breakout_short,0.6646193265914917,0.0,0.0,-1,10.049531285511193,2011-07-01,2015-06-30,2015-07-01,2015-09-30
ES-20150901-TOUT,2015-09-01,TOUT,2015-09-01 16:55:00-04:00,mid_revert_short,0.6511646509170532,0.0,0.0,-1,10.049531285511193,2011-07-01,2015-06-30,2015-07-01,2015-09-30
ES-20150921-TOUT,2015-09-21,TOUT,2015-09-21 16:55:00-04:00,breakout_long,0.5424609780311584,-2.25,1.0,1,7.799531285511193,2011-07-01,2015-06-30,2015-07-01,2015-09-30
ES-20150828-TOUT,2015-08-28,TOUT,2015-08-28 16:55:00-04:00,breakout_long,0.5033307075500488,0.0,0.0,-1,7.799531285511193,2011-07-01,2015-06-30,2015-07-01,2015-09-30
ES-20151027-TOUT,2015-10-27,TOUT,2015-10-27 16:55:00-04:00,breakout_short,0.8823329210281372,0.0,0.0,-1,7.799531285511193,2011-10-01,2015-09-30,2015-10-01,2015-12-31
ES-20151217-TOUT,2015-12-17,TOUT,2015-12-17 16:55:00-05:00,breakout_short,0.860249400138855,-2.360593580762952,1.0,0,5.438937704748241,2011-10-01,2015-09-30,2015-10-01,2015-12-31
ES-20151216-TOUT,2015-12-16,TOUT,2015-12-16 16:55:00-05:00,breakout_short,0.7572653293609619,-2.287921735494365,1.0,0,3.1510159692538764,2011-10-01,2015-09-30,2015-10-01,2015-12-31
ES-20151211-TOUT,2015-12-11,TOUT,2015-12-11 16:55:00-05:00,breakout_short,0.7234277725219727,0.0,0.0,-1,3.1510159692538764,2011-10-01,2015-09-30,2015-10-01,2015-12-31
ES-20151222-TOUT,2015-12-22,TOUT,2015-12-22 16:55:00-05:00,breakout_short,0.6863516569137573,0.0,0.0,-1,3.1510159692538764,2011-10-01,2015-09-30,2015-10-01,2015-12-31
ES-20151214-TOUT,2015-12-14,TOUT,2015-12-14 16:55:00-05:00,breakout_short,0.6748372912406921,0.0,0.0,-1,3.1510159692538764,2011-10-01,2015-09-30,2015-10-01,2015-12-31
ES-20151215-TOUT,2015-12-15,TOUT,2015-12-15 16:55:00-05:00,breakout_short,0.5673977732658386,0.0,0.0,-1,3.1510159692538764,2011-10-01,2015-09-30,2015-10-01,2015-12-31
ES-20151203-TOUT,2015-12-03,TOUT,2015-12-03 16:55:00-05:00,fade_high_short,0.5203304290771484,-1.6391726226993342,1.0,0,1.5118433465545422,2011-10-01,2015-09-30,2015-10-01,2015-12-31
ES-20160210-TOUT,2016-02-10,TOUT,2016-02-10 16:55:00-05:00,mid_revert_long,0.9092831015586853,2.75,1.0,2,4.261843346554542,2012-01-01,2015-12-31,2016-01-01,2016-03-31
ES-20160108-TOUT,2016-01-08,TOUT,2016-01-08 16:55:00-05:00,breakout_short,0.7841197848320007,-2.149619075388273,1.0,0,2.1122242711662693,2012-01-01,2015-12-31,2016-01-01,2016-03-31
ES-20160226-TOUT,2016-02-26,TOUT,2016-02-26 16:55:00-05:00,mid_revert_long,0.5491273999214172,-2.1170885723076935,1.0,0,-0.004864301141424221,2012-01-01,2015-12-31,2016-01-01,2016-03-31
ES-20160107-TOUT,2016-01-07,TOUT,2016-01-07 16:55:00-05:00,breakout_short,0.5433485507965088,-2.100675552332177,1.0,0,-2.1055398534736014,2012-01-01,2015-12-31,2016-01-01,2016-03-31
ES-20160613-TOUT,2016-06-13,TOUT,2016-06-13 16:55:00-04:00,mid_revert_long,0.803952693939209,-1.0504932689814268,1.0,0,-3.156033122455028,2012-04-01,2016-03-31,2016-04-01,2016-06-30
ES-20160630-TOUT,2016-06-30,TOUT,2016-06-30 16:55:00-04:00,mid_revert_long,0.7562851905822754,0.0,0.0,-1,-3.156033122455028,2012-04-01,2016-03-31,2016-04-01,2016-06-30
ES-20160909-TOUT,2016-09-09,TOUT,2016-09-09 16:55:00-04:00,mid_revert_long,0.569269597530365,-0.9546602391446868,1.0,0,-4.110693361599715,2012-07-01,2016-06-30,2016-07-01,2016-09-30
ES-20161101-TOUT,2016-11-01,TOUT,2016-11-01 16:55:00-04:00,mid_revert_long,0.6931197047233582,-1.448683488358256,1.0,0,-5.559376849957971,2012-10-01,2016-09-30,2016-10-01,2016-12-31
ES-20161227-TOUT,2016-12-27,TOUT,2016-12-27 16:55:00-05:00,mid_revert_long,0.5992127060890198,1.0,1.0,1,-4.559376849957971,2012-10-01,2016-09-30,2016-10-01,2016-12-31
ES-20170804-TOUT,2017-08-04,TOUT,2017-08-04 16:55:00-04:00,mid_revert_long,0.5554567575454712,1.0,1.0,2,-3.559376849957971,2013-07-01,2017-06-30,2017-07-01,2017-09-30
ES-20171107-TOUT,2017-11-07,TOUT,2017-11-07 16:55:00-05:00,breakout_short,0.5330414772033691,3.873404795222541,1.0,2,0.31402794526457,2013-10-01,2017-09-30,2017-10-01,2017-12-31
ES-20171121-TOUT,2017-11-21,TOUT,2017-11-21 16:55:00-05:00,breakout_short,0.5099925398826599,-1.7029348701307754,1.0,0,-1.3889069248662054,2013-10-01,2017-09-30,2017-10-01,2017-12-31
ES-20171012-TOUT,2017-10-12,TOUT,2017-10-12 16:55:00-04:00,breakout_short,0.5000032186508179,0.5,1.0,1,-0.8889069248662054,2013-10-01,2017-09-30,2017-10-01,2017-12-31
ES-20180221-TOUT,2018-02-21,TOUT,2018-02-21 16:55:00-05:00,breakout_short,0.8946561217308044,-1.5,1.0,1,-2.3889069248662054,2014-01-01,2017-12-31,2018-01-01,2018-03-31
ES-20180222-TOUT,2018-02-22,TOUT,2018-02-22 16:55:00-05:00,mid_revert_short,0.8299853205680847,0.0,0.0,-1,-2.3889069248662054,2014-01-01,2017-12-31,2018-01-01,2018-03-31
ES-20180306-TOUT,2018-03-06,TOUT,2018-03-06 16:55:00-05:00,breakout_short,0.7672325372695923,25.73177103253056,1.0,2,23.342864107664354,2014-01-01,2017-12-31,2018-01-01,2018-03-31
ES-20180207-TOUT,2018-02-07,TOUT,2018-02-07 16:55:00-05:00,mid_revert_short,0.6662782430648804,0.0,0.0,-1,23.342864107664354,2014-01-01,2017-12-31,2018-01-01,2018-03-31
ES-20180227-TOUT,2018-02-27,TOUT,2018-02-27 16:55:00-05:00,breakout_short,0.6210696697235107,0.0,0.0,-1,23.342864107664354,2014-01-01,2017-12-31,2018-01-01,2018-03-31
ES-20180212-TOUT,2018-02-12,TOUT,2018-02-12 16:55:00-05:00,breakout_short,0.5936316847801208,0.0,0.0,-1,23.342864107664354,2014-01-01,2017-12-31,2018-01-01,2018-03-31
ES-20180223-TOUT,2018-02-23,TOUT,2018-02-23 16:55:00-05:00,breakout_short,0.5765379667282104,0.0,0.0,-1,23.342864107664354,2014-01-01,2017-12-31,2018-01-01,2018-03-31
ES-20180612-TOUT,2018-06-12,TOUT,2018-06-12 16:55:00-04:00,breakout_long,0.9685410857200623,-0.5,1.0,1,22.842864107664354,2014-04-01,2018-03-31,2018-04-01,2018-06-30
ES-20180606-TOUT,2018-06-06,TOUT,2018-06-06 16:55:00-04:00,breakout_long,0.8687949180603027,0.0,0.0,-1,22.842864107664354,2014-04-01,2018-03-31,2018-04-01,2018-06-30
ES-20180426-TOUT,2018-04-26,TOUT,2018-04-26 16:55:00-04:00,mid_revert_short,0.8503260016441345,-2.654217785038327,1.0,0,20.188646322626028,2014-04-01,2018-03-31,2018-04-01,2018-06-30
ES-20180625-TOUT,2018-06-25,TOUT,2018-06-25 16:55:00-04:00,mid_revert_short,0.7359958291053772,-1.5115258096529942,1.0,0,18.677120512973033,2014-04-01,2018-03-31,2018-04-01,2018-06-30
ES-20180607-TOUT,2018-06-07,TOUT,2018-06-07 16:55:00-04:00,breakout_long,0.7094659209251404,0.0,0.0,-1,18.677120512973033,2014-04-01,2018-03-31,2018-04-01,2018-06-30
ES-20180608-TOUT,2018-06-08,TOUT,2018-06-08 16:55:00-04:00,breakout_long,0.5496366620063782,0.0,0.0,-1,18.677120512973033,2014-04-01,2018-03-31,2018-04-01,2018-06-30
ES-20180619-TOUT,2018-06-19,TOUT,2018-06-19 16:55:00-04:00,breakout_long,0.5065441727638245,-1.610630658728951,1.0,0,17.066489854244082,2014-04-01,2018-03-31,2018-04-01,2018-06-30
ES-20180813-TOUT,2018-08-13,TOUT,2018-08-13 16:55:00-04:00,breakout_long,0.5673617720603943,0.5,1.0,1,17.566489854244082,2014-07-01,2018-06-30,2018-07-01,2018-09-30
ES-20180831-TOUT,2018-08-31,TOUT,2018-08-31 16:55:00-04:00,breakout_long,0.5157685875892639,0.0,0.0,-1,17.566489854244082,2014-07-01,2018-06-30,2018-07-01,2018-09-30
ES-20181106-TOUT,2018-11-06,TOUT,2018-11-06 16:55:00-05:00,breakout_short,0.9943954348564148,-2.25,1.0,1,15.316489854244082,2014-10-01,2018-09-30,2018-10-01,2018-12-31
ES-20181220-TOUT,2018-12-20,TOUT,2018-12-20 16:55:00-05:00,mid_revert_short,0.9029490351676941,7.75,1.0,1,23.066489854244082,2014-10-01,2018-09-30,2018-10-01,2018-12-31
ES-20181109-TOUT,2018-11-09,TOUT,2018-11-09 16:55:00-05:00,breakout_short,0.8474407196044922,-3.75,1.0,1,19.316489854244082,2014-10-01,2018-09-30,2018-10-01,2018-12-31
ES-20181108-TOUT,2018-11-08,TOUT,2018-11-08 16:55:00-05:00,breakout_short,0.8167580962181091,-3.0,1.0,1,16.316489854244082,2014-10-01,2018-09-30,2018-10-01,2018-12-31
ES-20181105-TOUT,2018-11-05,TOUT,2018-11-05 16:55:00-05:00,breakout_short,0.7595897316932678,-5.25,1.0,1,11.066489854244082,2014-10-01,2018-09-30,2018-10-01,2018-12-31
ES-20181217-TOUT,2018-12-17,TOUT,2018-12-17 16:55:00-05:00,mid_revert_short,0.6535362005233765,-3.1114957443155618,1.0,0,7.954994109928521,2014-10-01,2018-09-30,2018-10-01,2018-12-31
ES-20181121-TOUT,2018-11-21,TOUT,2018-11-21 16:55:00-05:00,breakout_short,0.5537957549095154,0.0,0.0,-1,7.954994109928521,2014-10-01,2018-09-30,2018-10-01,2018-12-31
ES-20190102-TOUT,2019-01-02,TOUT,2019-01-02 16:55:00-05:00,mid_revert_long,1.4722119569778442,-5.033125492152976,1.0,0,2.9218686177755444,2015-01-01,2018-12-31,2019-01-01,2019-03-31
ES-20190320-TOUT,2019-03-20,TOUT,2019-03-20 16:55:00-04:00,mid_revert_long,0.9553980827331543,3.0,1.0,2,5.921868617775544,2015-01-01,2018-12-31,2019-01-01,2019-03-31
ES-20190103-TOUT,2019-01-03,TOUT,2019-01-03 16:55:00-05:00,fade_high_short,0.888094425201416,7.940101033211249,1.0,2,13.861969650986794,2015-01-01,2018-12-31,2019-01-01,2019-03-31
ES-20190111-TOUT,2019-01-11,TOUT,2019-01-11 16:55:00-05:00,breakout_short,0.7052395343780518,10.0,1.0,1,23.861969650986794,2015-01-01,2018-12-31,2019-01-01,2019-03-31
ES-20190131-TOUT,2019-01-31,TOUT,2019-01-31 16:55:00-05:00,mid_revert_short,0.6417357921600342,5.0,1.0,2,28.861969650986794,2015-01-01,2018-12-31,2019-01-01,2019-03-31
ES-20190115-TOUT,2019-01-15,TOUT,2019-01-15 16:55:00-05:00,breakout_long,0.6177352070808411,-4.0,1.0,1,24.861969650986794,2015-01-01,2018-12-31,2019-01-01,2019-03-31
ES-20190130-TOUT,2019-01-30,TOUT,2019-01-30 16:55:00-05:00,breakout_long,0.5231159329414368,0.0,1.0,1,24.861969650986794,2015-01-01,2018-12-31,2019-01-01,2019-03-31
ES-20190226-TOUT,2019-02-26,TOUT,2019-02-26 16:55:00-05:00,mid_revert_long,0.5057256817817688,1.0,1.0,1,25.861969650986794,2015-01-01,2018-12-31,2019-01-01,2019-03-31
ES-20190430-TOUT,2019-04-30,TOUT,2019-04-30 16:55:00-04:00,mid_revert_short,1.1020606756210327,1.5,1.0,1,27.361969650986794,2015-04-01,2019-03-31,2019-04-01,2019-06-30
ES-20190603-TOUT,2019-06-03,TOUT,2019-06-03 16:55:00-04:00,mid_revert_short,1.043514370918274,-0.25,1.0,1,27.111969650986794,2015-04-01,2019-03-31,2019-04-01,2019-06-30
ES-20190628-TOUT,2019-06-28,TOUT,2019-06-28 16:55:00-04:00,mid_revert_short,1.0198757648468018,-2.8092967784141365,1.0,0,24.302672872572657,2015-04-01,2019-03-31,2019-04-01,2019-06-30
ES-20190510-TOUT,2019-05-10,TOUT,2019-05-10 16:55:00-04:00,breakout_long,0.8629616498947144,0.0,0.0,-1,24.302672872572657,2015-04-01,2019-03-31,2019-04-01,2019-06-30
ES-20190528-TOUT,2019-05-28,TOUT,2019-05-28 16:55:00-04:00,fade_high_short,0.8380919098854065,0.0,0.0,-1,24.302672872572657,2015-04-01,2019-03-31,2019-04-01,2019-06-30
ES-20190513-TOUT,2019-05-13,TOUT,2019-05-13 16:55:00-04:00,breakout_long,0.8278976082801819,0.0,0.0,-1,24.302672872572657,2015-04-01,2019-03-31,2019-04-01,2019-06-30
ES-20190515-TOUT,2019-05-15,TOUT,2019-05-15 16:55:00-04:00,breakout_short,0.6278112530708313,-0.25,1.0,1,24.052672872572657,2015-04-01,2019-03-31,2019-04-01,2019-06-30
ES-20190507-TOUT,2019-05-07,TOUT,2019-05-07 16:55:00-04:00,breakout_long,0.5685428977012634,0.0,0.0,-1,24.052672872572657,2015-04-01,2019-03-31,2019-04-01,2019-06-30
ES-20190508-TOUT,2019-05-08,TOUT,2019-05-08 16:55:00-04:00,breakout_long,0.5641749501228333,0.0,0.0,-1,24.052672872572657,2015-04-01,2019-03-31,2019-04-01,2019-06-30
ES-20190506-TOUT,2019-05-06,TOUT,2019-05-06 16:55:00-04:00,breakout_short,0.544170081615448,0.0,0.0,-1,24.052672872572657,2015-04-01,2019-03-31,2019-04-01,2019-06-30
ES-20190805-TOUT,2019-08-05,TOUT,2019-08-05 16:55:00-04:00,mid_revert_long,2.3380706310272217,-3.759385911193476,1.0,0,20.29328696137918,2015-07-01,2019-06-30,2019-07-01,2019-09-30
ES-20190719-TOUT,2019-07-19,TOUT,2019-07-19 16:55:00-04:00,mid_revert_long,0.9011688232421875,4.125,1.0,2,24.41828696137918,2015-07-01,2019-06-30,2019-07-01,2019-09-30
ES-20190731-TOUT,2019-07-31,TOUT,2019-07-31 16:55:00-04:00,mid_revert_long,0.6877769231796265,-3.017617016020722,1.0,0,21.40066994535846,2015-07-01,2019-06-30,2019-07-01,2019-09-30
ES-20190723-TOUT,2019-07-23,TOUT,2019-07-23 16:55:00-04:00,mid_revert_short,0.6173531413078308,0.0,0.0,-1,21.40066994535846,2015-07-01,2019-06-30,2019-07-01,2019-09-30
ES-20190718-TOUT,2019-07-18,TOUT,2019-07-18 16:55:00-04:00,breakout_long,0.6082130670547485,-3.2435237113686526,1.0,0,18.157146233989806,2015-07-01,2019-06-30,2019-07-01,2019-09-30
ES-20190717-TOUT,2019-07-17,TOUT,2019-07-17 16:55:00-04:00,mid_revert_long,0.5909515619277954,1.0,1.0,1,19.157146233989806,2015-07-01,2019-06-30,2019-07-01,2019-09-30
ES-20190905-TOUT,2019-09-05,TOUT,2019-09-05 16:55:00-04:00,mid_revert_long,0.5881339311599731,2.625,1.0,2,21.782146233989806,2015-07-01,2019-06-30,2019-07-01,2019-09-30
ES-20190801-TOUT,2019-08-01,TOUT,2019-08-01 16:55:00-04:00,mid_revert_long,0.5665027499198914,-3.1237411431607143,1.0,0,18.658405090829092,2015-07-01,2019-06-30,2019-07-01,2019-09-30
ES-20190820-TOUT,2019-08-20,TOUT,2019-08-20 16:55:00-04:00,breakout_short,0.5520523190498352,-4.806137416484944,1.0,0,13.852267674344148,2015-07-01,2019-06-30,2019-07-01,2019-09-30
ES-20190923-TOUT,2019-09-23,TOUT,2019-09-23 16:55:00-04:00,breakout_long,0.5350982546806335,6.237193228726937,1.0,2,20.089460903071085,2015-07-01,2019-06-30,2019-07-01,2019-09-30
ES-20190906-TOUT,2019-09-06,TOUT,2019-09-06 16:55:00-04:00,mid_revert_short,0.5166480541229248,2.125,1.0,2,22.214460903071085,2015-07-01,2019-06-30,2019-07-01,2019-09-30
ES-20191011-TOUT,2019-10-11,TOUT,2019-10-11 16:55:00-04:00,breakout_long,0.5831441283226013,2.25,1.0,1,24.464460903071085,2015-10-01,2019-09-30,2019-10-01,2019-12-31
ES-20200226-TOUT,2020-02-26,TOUT,2020-02-26 16:55:00-05:00,mid_revert_long,2.1905157566070557,-4.3498034291774275,1.0,0,20.114657473893658,2016-01-01,2019-12-31,2020-01-01,2020-03-31
ES-20200327-TOUT,2020-03-27,TOUT,2020-03-27 16:55:00-04:00,mid_revert_short,1.218653678894043,0.0,0.0,-1,20.114657473893658,2016-01-01,2019-12-31,2020-01-01,2020-03-31
ES-20200305-TOUT,2020-03-05,TOUT,2020-03-05 16:55:00-05:00,breakout_long,1.1106904745101929,7.75,1.0,1,27.864657473893658,2016-01-01,2019-12-31,2020-01-01,2020-03-31
ES-20200304-TOUT,2020-03-04,TOUT,2020-03-04 16:55:00-05:00,mid_revert_short,1.006301999092102,0.0,0.0,-1,27.864657473893658,2016-01-01,2019-12-31,2020-01-01,2020-03-31
ES-20200325-TOUT,2020-03-25,TOUT,2020-03-25 16:55:00-04:00,mid_revert_short,0.8344751596450806,0.0,0.0,-1,27.864657473893658,2016-01-01,2019-12-31,2020-01-01,2020-03-31
ES-20200130-TOUT,2020-01-30,TOUT,2020-01-30 16:55:00-05:00,breakout_long,0.6192342638969421,0.0,0.0,-1,27.864657473893658,2016-01-01,2019-12-31,2020-01-01,2020-03-31
ES-20200415-TOUT,2020-04-15,TOUT,2020-04-15 16:55:00-04:00,breakout_short,6.024256229400635,9.75,1.0,1,37.61465747389366,2016-04-01,2020-03-31,2020-04-01,2020-06-30
ES-20200403-TOUT,2020-04-03,TOUT,2020-04-03 16:55:00-04:00,breakout_short,5.416205883026123,0.0,0.0,-1,37.61465747389366,2016-04-01,2020-03-31,2020-04-01,2020-06-30
ES-20200407-TOUT,2020-04-07,TOUT,2020-04-07 16:55:00-04:00,breakout_short,5.156757354736328,-13.75,1.0,1,23.864657473893658,2016-04-01,2020-03-31,2020-04-01,2020-06-30
ES-20200413-TOUT,2020-04-13,TOUT,2020-04-13 16:55:00-04:00,breakout_short,4.618505954742432,0.0,0.0,-1,23.864657473893658,2016-04-01,2020-03-31,2020-04-01,2020-06-30
ES-20200512-TOUT,2020-05-12,TOUT,2020-05-12 16:55:00-04:00,breakout_short,3.6894948482513428,-10.125074949748978,1.0,0,13.73958252414468,2016-04-01,2020-03-31,2020-04-01,2020-06-30
ES-20200414-TOUT,2020-04-14,TOUT,2020-04-14 16:55:00-04:00,breakout_short,3.6670145988464355,1.75,1.0,1,15.48958252414468,2016-04-01,2020-03-31,2020-04-01,2020-06-30
ES-20200406-TOUT,2020-04-06,TOUT,2020-04-06 16:55:00-04:00,breakout_short,3.620339870452881,-11.75,1.0,1,3.73958252414468,2016-04-01,2020-03-31,2020-04-01,2020-06-30
ES-20200430-TOUT,2020-04-30,TOUT,2020-04-30 16:55:00-04:00,breakout_short,3.406177043914795,23.106680831695485,1.0,2,26.846263355840165,2016-04-01,2020-03-31,2020-04-01,2020-06-30
ES-20200401-TOUT,2020-04-01,TOUT,2020-04-01 16:55:00-04:00,breakout_short,3.2789297103881836,0.0,0.0,-1,26.846263355840165,2016-04-01,2020-03-31,2020-04-01,2020-06-30
ES-20200408-TOUT,2020-04-08,TOUT,2020-04-08 16:55:00-04:00,breakout_short,3.2029929161071777,-13.5,1.0,1,13.346263355840165,2016-04-01,2020-03-31,2020-04-01,2020-06-30
ES-20200416-TOUT,2020-04-16,TOUT,2020-04-16 16:55:00-04:00,breakout_short,3.1072566509246826,0.0,0.0,-1,13.346263355840165,2016-04-01,2020-03-31,2020-04-01,2020-06-30
ES-20200402-TOUT,2020-04-02,TOUT,2020-04-02 16:55:00-04:00,breakout_short,3.101895332336426,0.0,1.0,1,13.346263355840165,2016-04-01,2020-03-31,2020-04-01,2020-06-30
ES-20200529-TOUT,2020-05-29,TOUT,2020-05-29 16:55:00-04:00,breakout_short,2.7072572708129883,13.166407864998746,1.0,2,26.51267122083891,2016-04-01,2020-03-31,2020-04-01,2020-06-30
ES-20200611-TOUT,2020-06-11,TOUT,2020-06-11 16:55:00-04:00,breakout_short,1.8818020820617676,0.0,0.0,-1,26.51267122083891,2016-04-01,2020-03-31,2020-04-01,2020-06-30
ES-20200619-TOUT,2020-06-19,TOUT,2020-06-19 16:55:00-04:00,breakout_short,1.2092818021774292,9.884985329618303,1.0,2,36.397656550457214,2016-04-01,2020-03-31,2020-04-01,2020-06-30
ES-20200420-TOUT,2020-04-20,TOUT,2020-04-20 16:55:00-04:00,mid_revert_short,0.7721598744392395,0.0,0.0,-1,36.397656550457214,2016-04-01,2020-03-31,2020-04-01,2020-06-30
ES-20200513-TOUT,2020-05-13,TOUT,2020-05-13 16:55:00-04:00,mid_revert_short,0.6458228230476379,0.0,0.0,-1,36.397656550457214,2016-04-01,2020-03-31,2020-04-01,2020-06-30
ES-20200730-TOUT,2020-07-30,TOUT,2020-07-30 16:55:00-04:00,breakout_long,8.913654327392578,-2.7273978283674296,1.0,0,33.670258722089784,2016-07-01,2020-06-30,2020-07-01,2020-09-30
ES-20200903-TOUT,2020-09-03,TOUT,2020-09-03 16:55:00-04:00,breakout_short,0.8992362022399902,-3.4661956522704713,1.0,0,30.204063069819313,2016-07-01,2020-06-30,2020-07-01,2020-09-30
ES-20200908-TOUT,2020-09-08,TOUT,2020-09-08 16:55:00-04:00,breakout_short,0.6089325547218323,9.724267879741546,1.0,2,39.92833094956086,2016-07-01,2020-06-30,2020-07-01,2020-09-30
ES-20201119-TOUT,2020-11-19,TOUT,2020-11-19 16:55:00-05:00,breakout_short,4.660585880279541,3.5,1.0,1,43.42833094956086,2016-10-01,2020-09-30,2020-10-01,2020-12-31
ES-20201218-TOUT,2020-12-18,TOUT,2020-12-18 16:55:00-05:00,breakout_short,3.8201487064361572,0.0,0.0,-1,43.42833094956086,2016-10-01,2020-09-30,2020-10-01,2020-12-31
ES-20201029-TOUT,2020-10-29,TOUT,2020-10-29 16:55:00-04:00,breakout_long,3.5958991050720215,0.0,0.0,-1,43.42833094956086,2016-10-01,2020-09-30,2020-10-01,2020-12-31
ES-20201006-TOUT,2020-10-06,TOUT,2020-10-06 16:55:00-04:00,breakout_short,2.7966420650482178,0.0,0.0,-1,43.42833094956086,2016-10-01,2020-09-30,2020-10-01,2020-12-31
ES-20201104-TOUT,2020-11-04,TOUT,2020-11-04 16:55:00-05:00,breakout_short,1.6946053504943848,-8.397034898144284,1.0,0,35.031296051416575,2016-10-01,2020-09-30,2020-10-01,2020-12-31
ES-20201030-TOUT,2020-10-30,TOUT,2020-10-30 16:55:00-04:00,breakout_short,1.5148314237594604,0.0,1.0,1,35.031296051416575,2016-10-01,2020-09-30,2020-10-01,2020-12-31
ES-20201027-TOUT,2020-10-27,TOUT,2020-10-27 16:55:00-04:00,breakout_short,1.3973997831344604,4.25,1.0,1,39.281296051416575,2016-10-01,2020-09-30,2020-10-01,2020-12-31
ES-20201021-TOUT,2020-10-21,TOUT,2020-10-21 16:55:00-04:00,breakout_long,1.0209506750106812,0.0,0.0,-1,39.281296051416575,2016-10-01,2020-09-30,2020-10-01,2020-12-31
ES-20201214-TOUT,2020-12-14,TOUT,2020-12-14 16:55:00-05:00,breakout_long,0.9753501415252686,1.5,1.0,1,40.781296051416575,2016-10-01,2020-09-30,2020-10-01,2020-12-31
ES-20201118-TOUT,2020-11-18,TOUT,2020-11-18 16:55:00-05:00,breakout_long,0.9641452431678772,0.0,0.0,-1,40.781296051416575,2016-10-01,2020-09-30,2020-10-01,2020-12-31
ES-20201221-TOUT,2020-12-21,TOUT,2020-12-21 16:55:00-05:00,breakout_long,0.9346175193786621,-5.3543550806612075,1.0,0,35.42694097075537,2016-10-01,2020-09-30,2020-10-01,2020-12-31
ES-20201223-TOUT,2020-12-23,TOUT,2020-12-23 16:55:00-05:00,breakout_long,0.9069752097129822,-4.431019140428816,1.0,0,30.99592183032655,2016-10-01,2020-09-30,2020-10-01,2020-12-31
ES-20201026-TOUT,2020-10-26,TOUT,2020-10-26 16:55:00-04:00,breakout_long,0.8158599734306335,-0.25,1.0,1,30.74592183032655,2016-10-01,2020-09-30,2020-10-01,2020-12-31
ES-20201120-TOUT,2020-11-20,TOUT,2020-11-20 16:55:00-05:00,breakout_long,0.7868430018424988,6.75,1.0,1,37.49592183032655,2016-10-01,2020-09-30,2020-10-01,2020-12-31
ES-20201008-TOUT,2020-10-08,TOUT,2020-10-08 16:55:00-04:00,breakout_long,0.6939235329627991,4.5,1.0,1,41.99592183032655,2016-10-01,2020-09-30,2020-10-01,2020-12-31
ES-20201009-TOUT,2020-10-09,TOUT,2020-10-09 16:55:00-04:00,breakout_long,0.6059302687644958,0.0,0.0,-1,41.99592183032655,2016-10-01,2020-09-30,2020-10-01,2020-12-31
ES-20201020-TOUT,2020-10-20,TOUT,2020-10-20 16:55:00-04:00,breakout_short,0.6043727397918701,0.0,0.0,-1,41.99592183032655,2016-10-01,2020-09-30,2020-10-01,2020-12-31
ES-20201012-TOUT,2020-10-12,TOUT,2020-10-12 16:55:00-04:00,breakout_long,0.5974050164222717,-4.800357851745957,1.0,0,37.195563978580594,2016-10-01,2020-09-30,2020-10-01,2020-12-31
ES-20201210-TOUT,2020-12-10,TOUT,2020-12-10 16:55:00-05:00,breakout_long,0.522323489189148,2.5,1.0,1,39.695563978580594,2016-10-01,2020-09-30,2020-10-01,2020-12-31
ES-20201209-TOUT,2020-12-09,TOUT,2020-12-09 16:55:00-05:00,breakout_long,0.5181805491447449,2.25,1.0,1,41.945563978580594,2016-10-01,2020-09-30,2020-10-01,2020-12-31
ES-20201016-TOUT,2020-10-16,TOUT,2020-10-16 16:55:00-04:00,breakout_short,0.5119799971580505,0.0,0.0,-1,41.945563978580594,2016-10-01,2020-09-30,2020-10-01,2020-12-31
ES-20201201-TOUT,2020-12-01,TOUT,2020-12-01 16:55:00-05:00,breakout_long,0.5062975883483887,-5.086198485326349,1.0,0,36.859365493254245,2016-10-01,2020-09-30,2020-10-01,2020-12-31
ES-20210127-TOUT,2021-01-27,TOUT,2021-01-27 16:55:00-05:00,breakout_long,4.096410751342773,0.0,0.0,-1,36.859365493254245,2017-01-01,2020-12-31,2021-01-01,2021-03-31
ES-20210202-TOUT,2021-02-02,TOUT,2021-02-02 16:55:00-05:00,breakout_long,3.740757465362549,3.5,1.0,1,40.359365493254245,2017-01-01,2020-12-31,2021-01-01,2021-03-31
ES-20210216-TOUT,2021-02-16,TOUT,2021-02-16 16:55:00-05:00,breakout_long,3.706143379211426,-11.013081086458442,1.0,0,29.346284406795803,2017-01-01,2020-12-31,2021-01-01,2021-03-31
ES-20210128-TOUT,2021-01-28,TOUT,2021-01-28 16:55:00-05:00,breakout_short,3.332252025604248,-0.5,1.0,1,28.846284406795803,2017-01-01,2020-12-31,2021-01-01,2021-03-31
ES-20210203-TOUT,2021-02-03,TOUT,2021-02-03 16:55:00-05:00,breakout_long,3.3219568729400635,-1.0,1.0,1,27.846284406795803,2017-01-01,2020-12-31,2021-01-01,2021-03-31
ES-20210222-TOUT,2021-02-22,TOUT,2021-02-22 16:55:00-05:00,breakout_long,2.860403060913086,-4.0,1.0,1,23.846284406795803,2017-01-01,2020-12-31,2021-01-01,2021-03-31
ES-20210209-TOUT,2021-02-09,TOUT,2021-02-09 16:55:00-05:00,breakout_long,2.712730884552002,-1.75,1.0,1,22.096284406795803,2017-01-01,2020-12-31,2021-01-01,2021-03-31
ES-20210205-TOUT,2021-02-05,TOUT,2021-02-05 16:55:00-05:00,breakout_long,2.3040354251861572,9.5,1.0,1,31.596284406795803,2017-01-01,2020-12-31,2021-01-01,2021-03-31
ES-20210226-TOUT,2021-02-26,TOUT,2021-02-26 16:55:00-05:00,breakout_short,2.2076473236083984,0.0,0.0,-1,31.596284406795803,2017-01-01,2020-12-31,2021-01-01,2021-03-31
ES-20210201-TOUT,2021-02-01,TOUT,2021-02-01 16:55:00-05:00,breakout_long,2.1708967685699463,-4.5,1.0,1,27.096284406795803,2017-01-01,2020-12-31,2021-01-01,2021-03-31
ES-20210208-TOUT,2021-02-08,TOUT,2021-02-08 16:55:00-05:00,breakout_long,2.0386555194854736,-7.0,1.0,1,20.096284406795803,2017-01-01,2020-12-31,2021-01-01,2021-03-31
ES-20210305-TOUT,2021-03-05,TOUT,2021-03-05 16:55:00-05:00,breakout_short,2.0153303146362305,0.0,0.0,-1,20.096284406795803,2017-01-01,2020-12-31,2021-01-01,2021-03-31
ES-20210204-TOUT,2021-02-04,TOUT,2021-02-04 16:55:00-05:00,breakout_long,1.9578458070755005,0.0,0.0,-1,20.096284406795803,2017-01-01,2020-12-31,2021-01-01,2021-03-31
ES-20210210-TOUT,2021-02-10,TOUT,2021-02-10 16:55:00-05:00,breakout_long,1.945976734161377,0.0,0.0,-1,20.096284406795803,2017-01-01,2020-12-31,2021-01-01,2021-03-31
ES-20210106-TOUT,2021-01-06,TOUT,2021-01-06 16:55:00-05:00,breakout_short,1.8017361164093018,0.0,0.0,-1,20.096284406795803,2017-01-01,2020-12-31,2021-01-01,2021-03-31
ES-20210217-TOUT,2021-02-17,TOUT,2021-02-17 16:55:00-05:00,breakout_long,1.5711536407470703,4.75,1.0,1,24.846284406795803,2017-01-01,2020-12-31,2021-01-01,2021-03-31
ES-20210129-TOUT,2021-01-29,TOUT,2021-01-29 16:55:00-05:00,breakout_short,1.5695778131484985,26.74818768284058,1.0,2,51.59447208963638,2017-01-01,2020-12-31,2021-01-01,2021-03-31
ES-20210212-TOUT,2021-02-12,TOUT,2021-02-12 16:55:00-05:00,breakout_long,1.3828505277633667,8.0,1.0,1,59.59447208963638,2017-01-01,2020-12-31,2021-01-01,2021-03-31
ES-20210325-TOUT,2021-03-25,TOUT,2021-03-25 16:55:00-04:00,breakout_long,1.1209348440170288,1.5,1.0,1,61.09447208963638,2017-01-01,2020-12-31,2021-01-01,2021-03-31
ES-20210301-TOUT,2021-03-01,TOUT,2021-03-01 16:55:00-05:00,breakout_long,1.0571954250335693,-1.75,1.0,1,59.34447208963638,2017-01-01,2020-12-31,2021-01-01,2021-03-31
ES-20210126-TOUT,2021-01-26,TOUT,2021-01-26 16:55:00-05:00,breakout_long,1.024616003036499,0.0,0.0,-1,59.34447208963638,2017-01-01,2020-12-31,2021-01-01,2021-03-31
ES-20210310-TOUT,2021-03-10,TOUT,2021-03-10 16:55:00-05:00,breakout_long,0.9559442400932312,-5.382199692549875,1.0,0,53.96227239708651,2017-01-01,2020-12-31,2021-01-01,2021-03-31
ES-20210218-TOUT,2021-02-18,TOUT,2021-02-18 16:55:00-05:00,breakout_short,0.8466897010803223,2.5,1.0,1,56.46227239708651,2017-01-01,2020-12-31,2021-01-01,2021-03-31
ES-20210121-TOUT,2021-01-21,TOUT,2021-01-21 16:55:00-05:00,breakout_long,0.7756974101066589,-5.858616491379053,1.0,0,50.603655905707456,2017-01-01,2020-12-31,2021-01-01,2021-03-31
ES-20210104-TOUT,2021-01-04,TOUT,2021-01-04 16:55:00-05:00,breakout_short,0.7523195147514343,-4.300178683517515,1.0,0,46.30347722218994,2017-01-01,2020-12-31,2021-01-01,2021-03-31
ES-20210326-TOUT,2021-03-26,TOUT,2021-03-26 16:55:00-04:00,breakout_long,0.7434436082839966,0.0,0.0,-1,46.30347722218994,2017-01-01,2020-12-31,2021-01-01,2021-03-31
ES-20210304-TOUT,2021-03-04,TOUT,2021-03-04 16:55:00-05:00,breakout_short,0.5989322662353516,12.491741391356754,1.0,2,58.795218613546695,2017-01-01,2020-12-31,2021-01-01,2021-03-31
ES-20210211-TOUT,2021-02-11,TOUT,2021-02-11 16:55:00-05:00,breakout_long,0.5814307928085327,-2.5,1.0,1,56.295218613546695,2017-01-01,2020-12-31,2021-01-01,2021-03-31
ES-20210315-TOUT,2021-03-15,TOUT,2021-03-15 16:55:00-04:00,breakout_long,0.5742111206054688,0.0,0.0,-1,56.295218613546695,2017-01-01,2020-12-31,2021-01-01,2021-03-31
ES-20210108-TOUT,2021-01-08,TOUT,2021-01-08 16:55:00-05:00,breakout_long,0.5691581964492798,0.0,0.0,-1,56.295218613546695,2017-01-01,2020-12-31,2021-01-01,2021-03-31
ES-20210219-TOUT,2021-02-19,TOUT,2021-02-19 16:55:00-05:00,breakout_long,0.5372462272644043,0.5,1.0,1,56.795218613546695,2017-01-01,2020-12-31,2021-01-01,2021-03-31
ES-20210119-TOUT,2021-01-19,TOUT,2021-01-19 16:55:00-05:00,breakout_long,0.5142641663551331,4.5,1.0,1,61.295218613546695,2017-01-01,2020-12-31,2021-01-01,2021-03-31
ES-20210113-TOUT,2021-01-13,TOUT,2021-01-13 16:55:00-05:00,breakout_long,0.5076243877410889,4.0,1.0,1,65.2952186135467,2017-01-01,2020-12-31,2021-01-01,2021-03-31
ES-20210408-TOUT,2021-04-08,TOUT,2021-04-08 16:55:00-04:00,breakout_long,0.7251819968223572,-2.4510762917507236,1.0,0,62.84414232179597,2017-04-01,2021-03-31,2021-04-01,2021-06-30
ES-20210406-TOUT,2021-04-06,TOUT,2021-04-06 16:55:00-04:00,breakout_long,0.709484338760376,2.0,1.0,1,64.84414232179597,2017-04-01,2021-03-31,2021-04-01,2021-06-30
ES-20210512-TOUT,2021-05-12,TOUT,2021-05-12 16:55:00-04:00,breakout_long,0.6583060622215271,-3.1216800052638973,1.0,0,61.722462316532074,2017-04-01,2021-03-31,2021-04-01,2021-06-30
ES-20210618-TOUT,2021-06-18,TOUT,2021-06-18 16:55:00-04:00,fade_low_long,0.6483138203620911,0.0,0.0,-1,61.722462316532074,2017-04-01,2021-03-31,2021-04-01,2021-06-30
ES-20210607-TOUT,2021-06-07,TOUT,2021-06-07 16:55:00-04:00,breakout_long,0.6255416870117188,0.25,1.0,1,61.972462316532074,2017-04-01,2021-03-31,2021-04-01,2021-06-30
ES-20210611-TOUT,2021-06-11,TOUT,2021-06-11 16:55:00-04:00,breakout_long,0.6211168766021729,1.75,1.0,1,63.722462316532074,2017-04-01,2021-03-31,2021-04-01,2021-06-30
ES-20210519-TOUT,2021-05-19,TOUT,2021-05-19 16:55:00-04:00,breakout_long,0.619705319404602,0.0,0.0,-1,63.722462316532074,2017-04-01,2021-03-31,2021-04-01,2021-06-30
ES-20210615-TOUT,2021-06-15,TOUT,2021-06-15 16:55:00-04:00,breakout_long,0.5726796984672546,-3.5,1.0,1,60.222462316532074,2017-04-01,2021-03-31,2021-04-01,2021-06-30
ES-20210917-TOUT,2021-09-17,TOUT,2021-09-17 16:55:00-04:00,mid_revert_long,1.4712772369384766,5.25,1.0,2,65.47246231653207,2017-07-01,2021-06-30,2021-07-01,2021-09-30
ES-20210729-TOUT,2021-07-29,TOUT,2021-07-29 16:55:00-04:00,mid_revert_long,0.7650470733642578,-3.285833146722325,1.0,0,62.18662916980975,2017-07-01,2021-06-30,2021-07-01,2021-09-30
ES-20210930-TOUT,2021-09-30,TOUT,2021-09-30 16:55:00-04:00,breakout_long,0.6034729480743408,-4.031251359286216,1.0,0,58.15537781052353,2017-07-01,2021-06-30,2021-07-01,2021-09-30
ES-20211130-TOUT,2021-11-30,TOUT,2021-11-30 16:55:00-05:00,breakout_short,1.4166696071624756,0.0,0.0,-1,58.15537781052353,2017-10-01,2021-09-30,2021-10-01,2021-12-31
ES-20211201-TOUT,2021-12-01,TOUT,2021-12-01 16:55:00-05:00,fade_high_short,0.900209903717041,-3.489309022627822,1.0,0,54.66606878789571,2017-10-01,2021-09-30,2021-10-01,2021-12-31
ES-20211203-TOUT,2021-12-03,TOUT,2021-12-03 16:55:00-05:00,breakout_short,0.6851532459259033,0.0,0.0,-1,54.66606878789571,2017-10-01,2021-09-30,2021-10-01,2021-12-31
ES-20211122-TOUT,2021-11-22,TOUT,2021-11-22 16:55:00-05:00,mid_revert_long,0.667559027671814,0.0,0.0,-1,54.66606878789571,2017-10-01,2021-09-30,2021-10-01,2021-12-31
ES-20211221-TOUT,2021-12-21,TOUT,2021-12-21 16:55:00-05:00,breakout_short,0.5724828839302063,-4.5,1.0,1,50.16606878789571,2017-10-01,2021-09-30,2021-10-01,2021-12-31
ES-20220224-TOUT,2022-02-24,TOUT,2022-02-24 16:55:00-05:00,breakout_short,8.562994956970215,-11.998600140576855,1.0,0,38.167468647318856,2018-01-01,2021-12-31,2022-01-01,2022-03-31
ES-20220203-TOUT,2022-02-03,TOUT,2022-02-03 16:55:00-05:00,breakout_long,8.083500862121582,0.0,0.0,-1,38.167468647318856,2018-01-01,2021-12-31,2022-01-01,2022-03-31
ES-20220127-TOUT,2022-01-27,TOUT,2022-01-27 16:55:00-05:00,breakout_long,7.605985164642334,-14.16350158356181,1.0,0,24.003967063757045,2018-01-01,2021-12-31,2022-01-01,2022-03-31
ES-20220202-TOUT,2022-02-02,TOUT,2022-02-02 16:55:00-05:00,breakout_short,6.287036418914795,4.5,1.0,1,28.503967063757045,2018-01-01,2021-12-31,2022-01-01,2022-03-31
ES-20220126-TOUT,2022-01-26,TOUT,2022-01-26 16:55:00-05:00,breakout_short,4.168964862823486,0.0,0.0,-1,28.503967063757045,2018-01-01,2021-12-31,2022-01-01,2022-03-31
ES-20220128-TOUT,2022-01-28,TOUT,2022-01-28 16:55:00-05:00,breakout_short,4.162430763244629,-4.25,1.0,1,24.253967063757045,2018-01-01,2021-12-31,2022-01-01,2022-03-31
ES-20220131-TOUT,2022-01-31,TOUT,2022-01-31 16:55:00-05:00,breakout_short,4.151878356933594,-3.5,1.0,1,20.753967063757045,2018-01-01,2021-12-31,2022-01-01,2022-03-31
ES-20220316-TOUT,2022-03-16,TOUT,2022-03-16 16:55:00-04:00,breakout_short,3.4814326763153076,0.0,0.0,-1,20.753967063757045,2018-01-01,2021-12-31,2022-01-01,2022-03-31
ES-20220317-TOUT,2022-03-17,TOUT,2022-03-17 16:55:00-04:00,breakout_short,3.4601845741271973,-0.25,1.0,1,20.503967063757045,2018-01-01,2021-12-31,2022-01-01,2022-03-31
ES-20220201-TOUT,2022-02-01,TOUT,2022-02-01 16:55:00-05:00,breakout_short,3.2730202674865723,0.0,0.0,-1,20.503967063757045,2018-01-01,2021-12-31,2022-01-01,2022-03-31
ES-20220215-TOUT,2022-02-15,TOUT,2022-02-15 16:55:00-05:00,breakout_short,2.986515760421753,1.5,1.0,1,22.003967063757045,2018-01-01,2021-12-31,2022-01-01,2022-03-31
ES-20220216-TOUT,2022-02-16,TOUT,2022-02-16 16:55:00-05:00,breakout_short,2.8857157230377197,2.5,1.0,1,24.503967063757045,2018-01-01,2021-12-31,2022-01-01,2022-03-31
ES-20220211-TOUT,2022-02-11,TOUT,2022-02-11 16:55:00-05:00,breakout_long,2.8177802562713623,0.0,0.0,-1,24.503967063757045,2018-01-01,2021-12-31,2022-01-01,2022-03-31
ES-20220217-TOUT,2022-02-17,TOUT,2022-02-17 16:55:00-05:00,breakout_long,2.7086522579193115,-3.5,1.0,1,21.003967063757045,2018-01-01,2021-12-31,2022-01-01,2022-03-31
ES-20220208-TOUT,2022-02-08,TOUT,2022-02-08 16:55:00-05:00,breakout_long,2.4009852409362793,-1.75,1.0,1,19.253967063757045,2018-01-01,2021-12-31,2022-01-01,2022-03-31
ES-20220204-TOUT,2022-02-04,TOUT,2022-02-04 16:55:00-05:00,breakout_short,2.2987616062164307,-5.5,1.0,1,13.753967063757045,2018-01-01,2021-12-31,2022-01-01,2022-03-31
ES-20220207-TOUT,2022-02-07,TOUT,2022-02-07 16:55:00-05:00,breakout_long,2.268549680709839,-3.0,1.0,1,10.753967063757045,2018-01-01,2021-12-31,2022-01-01,2022-03-31
ES-20220214-TOUT,2022-02-14,TOUT,2022-02-14 16:55:00-05:00,breakout_long,1.962162971496582,-4.75,1.0,1,6.003967063757045,2018-01-01,2021-12-31,2022-01-01,2022-03-31
ES-20220209-TOUT,2022-02-09,TOUT,2022-02-09 16:55:00-05:00,breakout_long,1.9040969610214233,0.0,0.0,-1,6.003967063757045,2018-01-01,2021-12-31,2022-01-01,2022-03-31
ES-20220218-TOUT,2022-02-18,TOUT,2022-02-18 16:55:00-05:00,breakout_short,1.8251169919967651,24.25,1.0,1,30.253967063757045,2018-01-01,2021-12-31,2022-01-01,2022-03-31
ES-20220318-TOUT,2022-03-18,TOUT,2022-03-18 16:55:00-04:00,breakout_short,1.641965389251709,0.0,0.0,-1,30.253967063757045,2018-01-01,2021-12-31,2022-01-01,2022-03-31
ES-20220210-TOUT,2022-02-10,TOUT,2022-02-10 16:55:00-05:00,breakout_short,1.4003950357437134,8.75,1.0,1,39.003967063757045,2018-01-01,2021-12-31,2022-01-01,2022-03-31
ES-20220223-TOUT,2022-02-23,TOUT,2022-02-23 16:55:00-05:00,breakout_short,1.3547629117965698,3.25,1.0,1,42.253967063757045,2018-01-01,2021-12-31,2022-01-01,2022-03-31
ES-20220307-TOUT,2022-03-07,TOUT,2022-03-07 16:55:00-05:00,mid_revert_long,1.3034647703170776,-5.092995484527819,1.0,0,37.160971579229226,2018-01-01,2021-12-31,2022-01-01,2022-03-31
ES-20220328-TOUT,2022-03-28,TOUT,2022-03-28 16:55:00-04:00,breakout_short,1.1392560005187988,-2.75,1.0,1,34.410971579229226,2018-01-01,2021-12-31,2022-01-01,2022-03-31
ES-20220222-TOUT,2022-02-22,TOUT,2022-02-22 16:55:00-05:00,breakout_long,1.1194976568222046,3.5,1.0,1,37.910971579229226,2018-01-01,2021-12-31,2022-01-01,2022-03-31
ES-20220125-TOUT,2022-01-25,TOUT,2022-01-25 16:55:00-05:00,breakout_short,0.8745463490486145,0.0,0.0,-1,37.910971579229226,2018-01-01,2021-12-31,2022-01-01,2022-03-31
ES-20220304-TOUT,2022-03-04,TOUT,2022-03-04 16:55:00-05:00,breakout_short,0.8586854934692383,25.768322870622796,1.0,2,63.67929444985202,2018-01-01,2021-12-31,2022-01-01,2022-03-31
ES-20220113-TOUT,2022-01-13,TOUT,2022-01-13 16:55:00-05:00,mid_revert_long,0.8496173024177551,0.0,0.0,-1,63.67929444985202,2018-01-01,2021-12-31,2022-01-01,2022-03-31
ES-20220124-TOUT,2022-01-24,TOUT,2022-01-24 16:55:00-05:00,breakout_short,0.7952728271484375,-8.122796266424302,1.0,0,55.55649818342772,2018-01-01,2021-12-31,2022-01-01,2022-03-31
ES-20220114-TOUT,2022-01-14,TOUT,2022-01-14 16:55:00-05:00,breakout_long,0.6152787208557129,-4.050341916750767,1.0,0,51.50615626667695,2018-01-01,2021-12-31,2022-01-01,2022-03-31
ES-20220104-TOUT,2022-01-04,TOUT,2022-01-04 16:55:00-05:00,breakout_long,0.581099271774292,0.0,0.0,-1,51.50615626667695,2018-01-01,2021-12-31,2022-01-01,2022-03-31
ES-20220111-TOUT,2022-01-11,TOUT,2022-01-11 16:55:00-05:00,breakout_short,0.5563604831695557,-3.925577290855472,1.0,0,47.58057897582148,2018-01-01,2021-12-31,2022-01-01,2022-03-31
ES-20220512-TOUT,2022-05-12,TOUT,2022-05-12 16:55:00-04:00,breakout_short,3.5256412029266357,0.0,0.0,-1,47.58057897582148,2018-04-01,2022-03-31,2022-04-01,2022-06-30
ES-20220428-TOUT,2022-04-28,TOUT,2022-04-28 16:55:00-04:00,breakout_short,2.230186700820923,5.0,1.0,1,52.58057897582148,2018-04-01,2022-03-31,2022-04-01,2022-06-30
ES-20220525-TOUT,2022-05-25,TOUT,2022-05-25 16:55:00-04:00,breakout_short,2.215874195098877,0.0,0.0,-1,52.58057897582148,2018-04-01,2022-03-31,2022-04-01,2022-06-30
ES-20220427-TOUT,2022-04-27,TOUT,2022-04-27 16:55:00-04:00,breakout_long,2.126492977142334,-3.5,1.0,1,49.08057897582148,2018-04-01,2022-03-31,2022-04-01,2022-06-30
ES-20220426-TOUT,2022-04-26,TOUT,2022-04-26 16:55:00-04:00,breakout_long,2.0417215824127197,-6.618663001058849,1.0,0,42.46191597476263,2018-04-01,2022-03-31,2022-04-01,2022-06-30
ES-20220518-TOUT,2022-05-18,TOUT,2022-05-18 16:55:00-04:00,breakout_short,2.0157039165496826,0.0,0.0,-1,42.46191597476263,2018-04-01,2022-03-31,2022-04-01,2022-06-30
ES-20220504-TOUT,2022-05-04,TOUT,2022-05-04 16:55:00-04:00,breakout_short,1.7022347450256348,0.0,0.0,-1,42.46191597476263,2018-04-01,2022-03-31,2022-04-01,2022-06-30
ES-20220520-TOUT,2022-05-20,TOUT,2022-05-20 16:55:00-04:00,mid_revert_short,1.659928321838379,0.0,0.0,-1,42.46191597476263,2018-04-01,2022-03-31,2022-04-01,2022-06-30
ES-20220502-TOUT,2022-05-02,TOUT,2022-05-02 16:55:00-04:00,breakout_short,1.5474281311035156,-5.5,1.0,1,36.96191597476263,2018-04-01,2022-03-31,2022-04-01,2022-06-30
ES-20220615-TOUT,2022-06-15,TOUT,2022-06-15 16:55:00-04:00,breakout_long,1.3984885215759277,11.11866328704491,1.0,2,48.08057926180754,2018-04-01,2022-03-31,2022-04-01,2022-06-30
ES-20220516-TOUT,2022-05-16,TOUT,2022-05-16 16:55:00-04:00,breakout_short,1.2814717292785645,0.0,0.0,-1,48.08057926180754,2018-04-01,2022-03-31,2022-04-01,2022-06-30
ES-20220527-TOUT,2022-05-27,TOUT,2022-05-27 16:55:00-04:00,mid_revert_short,1.1772464513778687,7.0,1.0,2,55.08057926180754,2018-04-01,2022-03-31,2022-04-01,2022-06-30
ES-20220524-TOUT,2022-05-24,TOUT,2022-05-24 16:55:00-04:00,breakout_short,1.1541731357574463,0.0,0.0,-1,55.08057926180754,2018-04-01,2022-03-31,2022-04-01,2022-06-30
ES-20220422-TOUT,2022-04-22,TOUT,2022-04-22 16:55:00-04:00,breakout_short,1.1204478740692139,0.0,0.0,-1,55.08057926180754,2018-04-01,2022-03-31,2022-04-01,2022-06-30
ES-20220419-TOUT,2022-04-19,TOUT,2022-04-19 16:55:00-04:00,breakout_short,1.101703405380249,0.0,0.0,-1,55.08057926180754,2018-04-01,2022-03-31,2022-04-01,2022-06-30
ES-20220513-TOUT,2022-05-13,TOUT,2022-05-13 16:55:00-04:00,breakout_short,0.9547402858734131,0.0,0.0,-1,55.08057926180754,2018-04-01,2022-03-31,2022-04-01,2022-06-30
ES-20220517-TOUT,2022-05-17,TOUT,2022-05-17 16:55:00-04:00,breakout_short,0.8726935982704163,0.0,0.0,-1,55.08057926180754,2018-04-01,2022-03-31,2022-04-01,2022-06-30
ES-20220421-TOUT,2022-04-21,TOUT,2022-04-21 16:55:00-04:00,fade_high_short,0.831926167011261,0.0,0.0,-1,55.08057926180754,2018-04-01,2022-03-31,2022-04-01,2022-06-30
ES-20220519-TOUT,2022-05-19,TOUT,2022-05-19 16:55:00-04:00,breakout_long,0.7002666592597961,1.5,1.0,1,56.58057926180754,2018-04-01,2022-03-31,2022-04-01,2022-06-30
ES-20220523-TOUT,2022-05-23,TOUT,2022-05-23 16:55:00-04:00,breakout_short,0.5473089218139648,24.16357861362576,1.0,2,80.7441578754333,2018-04-01,2022-03-31,2022-04-01,2022-06-30
ES-20220728-TOUT,2022-07-28,TOUT,2022-07-28 16:55:00-04:00,breakout_short,4.151237964630127,0.0,0.0,-1,80.7441578754333,2018-07-01,2022-06-30,2022-07-01,2022-09-30
ES-20220726-TOUT,2022-07-26,TOUT,2022-07-26 16:55:00-04:00,breakout_short,1.362727403640747,0.0,0.0,-1,80.7441578754333,2018-07-01,2022-06-30,2022-07-01,2022-09-30
ES-20220923-TOUT,2022-09-23,TOUT,2022-09-23 16:55:00-04:00,breakout_short,0.8952246308326721,-4.746544726085176,1.0,0,75.99761314934813,2018-07-01,2022-06-30,2022-07-01,2022-09-30
ES-20220826-TOUT,2022-08-26,TOUT,2022-08-26 16:55:00-04:00,mid_revert_long,0.7464463114738464,-2.0747205986554036,1.0,0,73.92289255069272,2018-07-01,2022-06-30,2022-07-01,2022-09-30
ES-20220902-TOUT,2022-09-02,TOUT,2022-09-02 16:55:00-04:00,breakout_long,0.6979156732559204,0.0,0.0,-1,73.92289255069272,2018-07-01,2022-06-30,2022-07-01,2022-09-30
ES-20220921-TOUT,2022-09-21,TOUT,2022-09-21 16:55:00-04:00,mid_revert_long,0.6869275569915771,0.0,0.0,-1,73.92289255069272,2018-07-01,2022-06-30,2022-07-01,2022-09-30
ES-20220919-TOUT,2022-09-19,TOUT,2022-09-19 16:55:00-04:00,breakout_short,0.6800295114517212,0.0,0.0,-1,73.92289255069272,2018-07-01,2022-06-30,2022-07-01,2022-09-30
ES-20220825-TOUT,2022-08-25,TOUT,2022-08-25 16:55:00-04:00,breakout_long,0.6404666900634766,0.0,0.0,-1,73.92289255069272,2018-07-01,2022-06-30,2022-07-01,2022-09-30
ES-20220915-TOUT,2022-09-15,TOUT,2022-09-15 16:55:00-04:00,mid_revert_long,0.5775055885314941,-3.33910969119097,1.0,0,70.58378285950175,2018-07-01,2022-06-30,2022-07-01,2022-09-30
ES-20220812-TOUT,2022-08-12,TOUT,2022-08-12 16:55:00-04:00,breakout_short,0.5216339230537415,4.5,1.0,1,75.08378285950175,2018-07-01,2022-06-30,2022-07-01,2022-09-30
ES-20221027-TOUT,2022-10-27,TOUT,2022-10-27 16:55:00-04:00,breakout_short,3.4207284450531006,0.0,0.0,-1,75.08378285950175,2018-10-01,2022-09-30,2022-10-01,2022-12-31
ES-20221122-TOUT,2022-11-22,TOUT,2022-11-22 16:55:00-05:00,breakout_short,3.0364556312561035,0.0,0.0,-1,75.08378285950175,2018-10-01,2022-09-30,2022-10-01,2022-12-31
ES-20221107-TOUT,2022-11-07,TOUT,2022-11-07 16:55:00-05:00,breakout_short,2.9936370849609375,-9.25,1.0,1,65.83378285950175,2018-10-01,2022-09-30,2022-10-01,2022-12-31
ES-20221115-TOUT,2022-11-15,TOUT,2022-11-15 16:55:00-05:00,breakout_short,2.857210874557495,6.5,1.0,1,72.33378285950175,2018-10-01,2022-09-30,2022-10-01,2022-12-31
ES-20221104-TOUT,2022-11-04,TOUT,2022-11-04 16:55:00-04:00,breakout_short,2.6680235862731934,16.5,1.0,1,88.83378285950175,2018-10-01,2022-09-30,2022-10-01,2022-12-31
ES-20221018-TOUT,2022-10-18,TOUT,2022-10-18 16:55:00-04:00,breakout_short,2.5328946113586426,0.0,0.0,-1,88.83378285950175,2018-10-01,2022-09-30,2022-10-01,2022-12-31
ES-20221101-TOUT,2022-11-01,TOUT,2022-11-01 16:55:00-04:00,breakout_short,2.5045723915100098,0.0,0.0,-1,88.83378285950175,2018-10-01,2022-09-30,2022-10-01,2022-12-31
ES-20221111-TOUT,2022-11-11,TOUT,2022-11-11 16:55:00-05:00,breakout_short,2.351989269256592,9.25,1.0,1,98.08378285950175,2018-10-01,2022-09-30,2022-10-01,2022-12-31
ES-20221108-TOUT,2022-11-08,TOUT,2022-11-08 16:55:00-05:00,breakout_short,1.9511796236038208,0.0,0.0,-1,98.08378285950175,2018-10-01,2022-09-30,2022-10-01,2022-12-31
ES-20221025-TOUT,2022-10-25,TOUT,2022-10-25 16:55:00-04:00,breakout_short,1.8446707725524902,14.5,1.0,1,112.58378285950175,2018-10-01,2022-09-30,2022-10-01,2022-12-31
ES-20221121-TOUT,2022-11-21,TOUT,2022-11-21 16:55:00-05:00,breakout_short,1.7234307527542114,-9.25,1.0,1,103.33378285950175,2018-10-01,2022-09-30,2022-10-01,2022-12-31
ES-20221118-TOUT,2022-11-18,TOUT,2022-11-18 16:55:00-05:00,breakout_short,1.2743221521377563,-1.0,1.0,1,102.33378285950175,2018-10-01,2022-09-30,2022-10-01,2022-12-31
ES-20221028-TOUT,2022-10-28,TOUT,2022-10-28 16:55:00-04:00,breakout_short,1.1377768516540527,2.75,1.0,1,105.08378285950175,2018-10-01,2022-09-30,2022-10-01,2022-12-31
ES-20221123-TOUT,2022-11-23,TOUT,2022-11-23 16:55:00-05:00,breakout_short,1.0364947319030762,0.0,0.0,-1,105.08378285950175,2018-10-01,2022-09-30,2022-10-01,2022-12-31
ES-20221116-TOUT,2022-11-16,TOUT,2022-11-16 16:55:00-05:00,breakout_short,0.9735879302024841,0.0,0.0,-1,105.08378285950175,2018-10-01,2022-09-30,2022-10-01,2022-12-31
ES-20221128-TOUT,2022-11-28,TOUT,2022-11-28 16:55:00-05:00,breakout_short,0.9317072629928589,0.0,0.0,-1,105.08378285950175,2018-10-01,2022-09-30,2022-10-01,2022-12-31
ES-20221109-TOUT,2022-11-09,TOUT,2022-11-09 16:55:00-05:00,breakout_short,0.9316834211349487,-9.0,1.0,1,96.08378285950175,2018-10-01,2022-09-30,2022-10-01,2022-12-31
ES-20221117-TOUT,2022-11-17,TOUT,2022-11-17 16:55:00-05:00,breakout_short,0.9119241833686829,-1.25,1.0,1,94.83378285950175,2018-10-01,2022-09-30,2022-10-01,2022-12-31
ES-20221031-TOUT,2022-10-31,TOUT,2022-10-31 16:55:00-04:00,breakout_short,0.8828639388084412,0.0,0.0,-1,94.83378285950175,2018-10-01,2022-09-30,2022-10-01,2022-12-31
ES-20221103-TOUT,2022-11-03,TOUT,2022-11-03 16:55:00-04:00,breakout_short,0.8453454375267029,3.0,1.0,1,97.83378285950175,2018-10-01,2022-09-30,2022-10-01,2022-12-31
ES-20221130-TOUT,2022-11-30,TOUT,2022-11-30 16:55:00-05:00,mid_revert_short,0.7856884002685547,1.75,1.0,1,99.58378285950175,2018-10-01,2022-09-30,2022-10-01,2022-12-31
ES-20221021-TOUT,2022-10-21,TOUT,2022-10-21 16:55:00-04:00,mid_revert_short,0.5840420722961426,0.0,0.0,-1,99.58378285950175,2018-10-01,2022-09-30,2022-10-01,2022-12-31
ES-20221020-TOUT,2022-10-20,TOUT,2022-10-20 16:55:00-04:00,breakout_long,0.5125270485877991,0.0,0.0,-1,99.58378285950175,2018-10-01,2022-09-30,2022-10-01,2022-12-31
ES-20230202-TOUT,2023-02-02,TOUT,2023-02-02 16:55:00-05:00,breakout_short,2.6182103157043457,0.0,0.0,-1,99.58378285950175,2019-01-01,2022-12-31,2023-01-01,2023-03-31
ES-20230223-TOUT,2023-02-23,TOUT,2023-02-23 16:55:00-05:00,breakout_short,2.5697031021118164,-2.5,1.0,1,97.08378285950175,2019-01-01,2022-12-31,2023-01-01,2023-03-31
ES-20230302-TOUT,2023-03-02,TOUT,2023-03-02 16:55:00-05:00,breakout_short,1.8868896961212158,4.75,1.0,1,101.83378285950175,2019-01-01,2022-12-31,2023-01-01,2023-03-31
ES-20230217-TOUT,2023-02-17,TOUT,2023-02-17 16:55:00-05:00,breakout_short,1.7665114402770996,7.25,1.0,1,109.08378285950175,2019-01-01,2022-12-31,2023-01-01,2023-03-31
ES-20230215-TOUT,2023-02-15,TOUT,2023-02-15 16:55:00-05:00,breakout_short,1.7149392366409302,-4.75,1.0,1,104.33378285950175,2019-01-01,2022-12-31,2023-01-01,2023-03-31
ES-20230221-TOUT,2023-02-21,TOUT,2023-02-21 16:55:00-05:00,breakout_short,1.6184090375900269,-4.5,1.0,1,99.83378285950175,2019-01-01,2022-12-31,2023-01-01,2023-03-31
ES-20230213-TOUT,2023-02-13,TOUT,2023-02-13 16:55:00-05:00,breakout_short,1.3699886798858643,1.5,1.0,1,101.33378285950175,2019-01-01,2022-12-31,2023-01-01,2023-03-31
ES-20230216-TOUT,2023-02-16,TOUT,2023-02-16 16:55:00-05:00,breakout_short,1.3254873752593994,7.25,1.0,1,108.58378285950175,2019-01-01,2022-12-31,2023-01-01,2023-03-31
ES-20230206-TOUT,2023-02-06,TOUT,2023-02-06 16:55:00-05:00,breakout_short,1.2101157903671265,0.0,0.0,-1,108.58378285950175,2019-01-01,2022-12-31,2023-01-01,2023-03-31
ES-20230303-TOUT,2023-03-03,TOUT,2023-03-03 16:55:00-05:00,breakout_short,1.1807427406311035,-0.75,1.0,1,107.83378285950175,2019-01-01,2022-12-31,2023-01-01,2023-03-31
ES-20230203-TOUT,2023-02-03,TOUT,2023-02-03 16:55:00-05:00,breakout_short,1.1397805213928223,7.25,1.0,1,115.08378285950175,2019-01-01,2022-12-31,2023-01-01,2023-03-31
ES-20230322-TOUT,2023-03-22,TOUT,2023-03-22 16:55:00-04:00,breakout_long,1.1209636926651,-4.330501613901561,1.0,0,110.75328124560019,2019-01-01,2022-12-31,2023-01-01,2023-03-31
ES-20230210-TOUT,2023-02-10,TOUT,2023-02-10 16:55:00-05:00,breakout_short,0.9997647404670715,8.25,1.0,1,119.00328124560019,2019-01-01,2022-12-31,2023-01-01,2023-03-31
ES-20230224-TOUT,2023-02-24,TOUT,2023-02-24 16:55:00-05:00,breakout_short,0.7654330730438232,0.0,0.0,-1,119.00328124560019,2019-01-01,2022-12-31,2023-01-01,2023-03-31
ES-20230324-TOUT,2023-03-24,TOUT,2023-03-24 16:55:00-04:00,breakout_short,0.7562719583511353,0.0,0.0,-1,119.00328124560019,2019-01-01,2022-12-31,2023-01-01,2023-03-31
ES-20230207-TOUT,2023-02-07,TOUT,2023-02-07 16:55:00-05:00,breakout_short,0.7146955132484436,0.0,0.0,-1,119.00328124560019,2019-01-01,2022-12-31,2023-01-01,2023-03-31
ES-20230227-TOUT,2023-02-27,TOUT,2023-02-27 16:55:00-05:00,breakout_short,0.5988644957542419,0.0,0.0,-1,119.00328124560019,2019-01-01,2022-12-31,2023-01-01,2023-03-31
ES-20230524-TOUT,2023-05-24,TOUT,2023-05-24 16:55:00-04:00,breakout_short,1.1638509035110474,0.0,0.0,-1,119.00328124560019,2019-04-01,2023-03-31,2023-04-01,2023-06-30
ES-20230823-TOUT,2023-08-23,TOUT,2023-08-23 16:55:00-04:00,breakout_short,1.4584397077560425,0.0,0.0,-1,119.00328124560019,2019-07-01,2023-06-30,2023-07-01,2023-09-30
ES-20230803-TOUT,2023-08-03,TOUT,2023-08-03 16:55:00-04:00,breakout_short,0.9558751583099365,0.0,0.0,-1,119.00328124560019,2019-07-01,2023-06-30,2023-07-01,2023-09-30
ES-20230825-TOUT,2023-08-25,TOUT,2023-08-25 16:55:00-04:00,breakout_short,0.9467991590499878,0.0,0.0,-1,119.00328124560019,2019-07-01,2023-06-30,2023-07-01,2023-09-30
ES-20230822-TOUT,2023-08-22,TOUT,2023-08-22 16:55:00-04:00,breakout_short,0.6773079633712769,0.0,0.0,-1,119.00328124560019,2019-07-01,2023-06-30,2023-07-01,2023-09-30
ES-20230912-TOUT,2023-09-12,TOUT,2023-09-12 16:55:00-04:00,breakout_short,0.6402919888496399,-1.0,1.0,1,118.00328124560019,2019-07-01,2023-06-30,2023-07-01,2023-09-30
ES-20230919-TOUT,2023-09-19,TOUT,2023-09-19 16:55:00-04:00,breakout_short,0.6240024566650391,-1.25,1.0,1,116.75328124560019,2019-07-01,2023-06-30,2023-07-01,2023-09-30
ES-20230814-TOUT,2023-08-14,TOUT,2023-08-14 16:55:00-04:00,breakout_short,0.5804790258407593,-6.064512243651734,1.0,0,110.68876900194846,2019-07-01,2023-06-30,2023-07-01,2023-09-30
ES-20230918-TOUT,2023-09-18,TOUT,2023-09-18 16:55:00-04:00,breakout_short,0.5404556393623352,0.0,0.0,-1,110.68876900194846,2019-07-01,2023-06-30,2023-07-01,2023-09-30
ES-20231024-TOUT,2023-10-24,TOUT,2023-10-24 16:55:00-04:00,breakout_short,2.531439781188965,-2.6785513875774996,1.0,0,108.01021761437096,2019-10-01,2023-09-30,2023-10-01,2023-12-31
ES-20231011-TOUT,2023-10-11,TOUT,2023-10-11 16:55:00-04:00,mid_revert_short,1.18317449092865,-0.25,1.0,1,107.76021761437096,2019-10-01,2023-09-30,2023-10-01,2023-12-31
ES-20231227-TOUT,2023-12-27,TOUT,2023-12-27 16:55:00-05:00,breakout_long,0.9916951060295105,0.0,0.0,-1,107.76021761437096,2019-10-01,2023-09-30,2023-10-01,2023-12-31
ES-20231226-TOUT,2023-12-26,TOUT,2023-12-26 16:55:00-05:00,mid_revert_long,0.7919333577156067,0.0,0.0,-1,107.76021761437096,2019-10-01,2023-09-30,2023-10-01,2023-12-31
ES-20231219-TOUT,2023-12-19,TOUT,2023-12-19 16:55:00-05:00,mid_revert_long,0.6921787261962891,0.0,0.0,-1,107.76021761437096,2019-10-01,2023-09-30,2023-10-01,2023-12-31
ES-20231215-TOUT,2023-12-15,TOUT,2023-12-15 16:55:00-05:00,breakout_long,0.6860647797584534,-2.922071687897187,1.0,0,104.83814592647377,2019-10-01,2023-09-30,2023-10-01,2023-12-31
ES-20231228-TOUT,2023-12-28,TOUT,2023-12-28 16:55:00-05:00,breakout_long,0.6445195078849792,0.0,1.0,1,104.83814592647377,2019-10-01,2023-09-30,2023-10-01,2023-12-31
ES-20231218-TOUT,2023-12-18,TOUT,2023-12-18 16:55:00-05:00,mid_revert_short,0.6135770082473755,0.0,0.0,-1,104.83814592647377,2019-10-01,2023-09-30,2023-10-01,2023-12-31
ES-20240221-TOUT,2024-02-21,TOUT,2024-02-21 16:55:00-05:00,breakout_short,2.2291743755340576,0.0,0.0,-1,104.83814592647377,2020-01-01,2023-12-31,2024-01-01,2024-03-31
ES-20240320-TOUT,2024-03-20,TOUT,2024-03-20 16:55:00-04:00,breakout_short,1.6854850053787231,0.0,0.0,-1,104.83814592647377,2020-01-01,2023-12-31,2024-01-01,2024-03-31
ES-20240319-TOUT,2024-03-19,TOUT,2024-03-19 16:55:00-04:00,breakout_short,1.6264119148254395,-2.0,1.0,1,102.83814592647377,2020-01-01,2023-12-31,2024-01-01,2024-03-31
ES-20240304-TOUT,2024-03-04,TOUT,2024-03-04 16:55:00-05:00,breakout_short,1.5659339427947998,1.75,1.0,1,104.58814592647377,2020-01-01,2023-12-31,2024-01-01,2024-03-31
ES-20240228-TOUT,2024-02-28,TOUT,2024-02-28 16:55:00-05:00,breakout_short,1.4480258226394653,0.0,0.0,-1,104.58814592647377,2020-01-01,2023-12-31,2024-01-01,2024-03-31
ES-20240201-TOUT,2024-02-01,TOUT,2024-02-01 16:55:00-05:00,breakout_short,1.2730722427368164,0.0,0.0,-1,104.58814592647377,2020-01-01,2023-12-31,2024-01-01,2024-03-31
ES-20240202-TOUT,2024-02-02,TOUT,2024-02-02 16:55:00-05:00,breakout_short,1.1846909523010254,-8.218647445160059,1.0,0,96.36949848131371,2020-01-01,2023-12-31,2024-01-01,2024-03-31
ES-20240318-TOUT,2024-03-18,TOUT,2024-03-18 16:55:00-04:00,breakout_short,1.0724709033966064,1.0,1.0,1,97.36949848131371,2020-01-01,2023-12-31,2024-01-01,2024-03-31
ES-20240306-TOUT,2024-03-06,TOUT,2024-03-06 16:55:00-05:00,breakout_short,0.9654763340950012,6.25,1.0,1,103.61949848131371,2020-01-01,2023-12-31,2024-01-01,2024-03-31
ES-20240312-TOUT,2024-03-12,TOUT,2024-03-12 16:55:00-04:00,breakout_short,0.9639468789100647,-6.0,1.0,1,97.61949848131371,2020-01-01,2023-12-31,2024-01-01,2024-03-31
ES-20240314-TOUT,2024-03-14,TOUT,2024-03-14 16:55:00-04:00,breakout_short,0.9223928451538086,5.0,1.0,1,102.61949848131371,2020-01-01,2023-12-31,2024-01-01,2024-03-31
ES-20240313-TOUT,2024-03-13,TOUT,2024-03-13 16:55:00-04:00,breakout_short,0.8725578188896179,0.0,0.0,-1,102.61949848131371,2020-01-01,2023-12-31,2024-01-01,2024-03-31
ES-20240223-TOUT,2024-02-23,TOUT,2024-02-23 16:55:00-05:00,breakout_short,0.8534964323043823,0.0,1.0,1,102.61949848131371,2020-01-01,2023-12-31,2024-01-01,2024-03-31
ES-20240315-TOUT,2024-03-15,TOUT,2024-03-15 16:55:00-04:00,breakout_short,0.8525501489639282,0.0,0.0,-1,102.61949848131371,2020-01-01,2023-12-31,2024-01-01,2024-03-31
ES-20240212-TOUT,2024-02-12,TOUT,2024-02-12 16:55:00-05:00,breakout_short,0.833585262298584,-1.5,1.0,1,101.11949848131371,2020-01-01,2023-12-31,2024-01-01,2024-03-31
ES-20240305-TOUT,2024-03-05,TOUT,2024-03-05 16:55:00-05:00,breakout_short,0.7784838676452637,0.0,0.0,-1,101.11949848131371,2020-01-01,2023-12-31,2024-01-01,2024-03-31
ES-20240311-TOUT,2024-03-11,TOUT,2024-03-11 16:55:00-04:00,breakout_short,0.7707019448280334,0.0,0.0,-1,101.11949848131371,2020-01-01,2023-12-31,2024-01-01,2024-03-31
ES-20240214-TOUT,2024-02-14,TOUT,2024-02-14 16:55:00-05:00,breakout_short,0.7601695656776428,0.0,0.0,-1,101.11949848131371,2020-01-01,2023-12-31,2024-01-01,2024-03-31
ES-20240207-TOUT,2024-02-07,TOUT,2024-02-07 16:55:00-05:00,breakout_short,0.695874035358429,-0.75,1.0,1,100.36949848131371,2020-01-01,2023-12-31,2024-01-01,2024-03-31
ES-20240301-TOUT,2024-03-01,TOUT,2024-03-01 16:55:00-05:00,breakout_short,0.6685131788253784,0.0,0.0,-1,100.36949848131371,2020-01-01,2023-12-31,2024-01-01,2024-03-31
ES-20240123-TOUT,2024-01-23,TOUT,2024-01-23 16:55:00-05:00,mid_revert_short,0.6539245843887329,-2.2827904078149004,1.0,0,98.08670807349881,2020-01-01,2023-12-31,2024-01-01,2024-03-31
ES-20240227-TOUT,2024-02-27,TOUT,2024-02-27 16:55:00-05:00,breakout_short,0.6113541722297668,-0.75,1.0,1,97.33670807349881,2020-01-01,2023-12-31,2024-01-01,2024-03-31
ES-20240206-TOUT,2024-02-06,TOUT,2024-02-06 16:55:00-05:00,breakout_short,0.608717143535614,0.0,0.0,-1,97.33670807349881,2020-01-01,2023-12-31,2024-01-01,2024-03-31
ES-20240307-TOUT,2024-03-07,TOUT,2024-03-07 16:55:00-05:00,breakout_short,0.5841511487960815,0.0,0.0,-1,97.33670807349881,2020-01-01,2023-12-31,2024-01-01,2024-03-31
ES-20240222-TOUT,2024-02-22,TOUT,2024-02-22 16:55:00-05:00,breakout_short,0.5516619682312012,0.0,0.0,-1,97.33670807349881,2020-01-01,2023-12-31,2024-01-01,2024-03-31
ES-20240130-TOUT,2024-01-30,TOUT,2024-01-30 16:55:00-05:00,mid_revert_long,0.543617308139801,-2.629289754704587,1.0,0,94.70741831879423,2020-01-01,2023-12-31,2024-01-01,2024-03-31
ES-20240430-TOUT,2024-04-30,TOUT,2024-04-30 16:55:00-04:00,breakout_short,3.034675359725952,-4.75,1.0,1,89.95741831879423,2020-04-01,2024-03-31,2024-04-01,2024-06-30
ES-20240529-TOUT,2024-05-29,TOUT,2024-05-29 16:55:00-04:00,breakout_short,2.430669069290161,3.75,1.0,1,93.70741831879423,2020-04-01,2024-03-31,2024-04-01,2024-06-30
ES-20240523-TOUT,2024-05-23,TOUT,2024-05-23 16:55:00-04:00,fade_high_short,1.818407654762268,-2.5,1.0,1,91.20741831879423,2020-04-01,2024-03-31,2024-04-01,2024-06-30
ES-20240506-TOUT,2024-05-06,TOUT,2024-05-06 16:55:00-04:00,fade_high_short,1.6372720003128052,2.75,1.0,1,93.95741831879423,2020-04-01,2024-03-31,2024-04-01,2024-06-30
ES-20240507-TOUT,2024-05-07,TOUT,2024-05-07 16:55:00-04:00,fade_high_short,1.3958462476730347,1.25,1.0,1,95.20741831879423,2020-04-01,2024-03-31,2024-04-01,2024-06-30
ES-20240501-TOUT,2024-05-01,TOUT,2024-05-01 16:55:00-04:00,fade_high_short,1.3860142230987549,-5.75,1.0,1,89.45741831879423,2020-04-01,2024-03-31,2024-04-01,2024-06-30
ES-20240425-TOUT,2024-04-25,TOUT,2024-04-25 16:55:00-04:00,mid_revert_short,1.3842740058898926,12.5,1.0,1,101.95741831879423,2020-04-01,2024-03-31,2024-04-01,2024-06-30
ES-20240509-TOUT,2024-05-09,TOUT,2024-05-09 16:55:00-04:00,fade_high_short,1.2689814567565918,0.25,1.0,1,102.20741831879423,2020-04-01,2024-03-31,2024-04-01,2024-06-30
ES-20240429-TOUT,2024-04-29,TOUT,2024-04-29 16:55:00-04:00,breakout_short,1.2626162767410278,1.5,1.0,1,103.70741831879423,2020-04-01,2024-03-31,2024-04-01,2024-06-30
ES-20240515-TOUT,2024-05-15,TOUT,2024-05-15 16:55:00-04:00,fade_high_short,1.2391276359558105,-4.0,1.0,1,99.70741831879423,2020-04-01,2024-03-31,2024-04-01,2024-06-30
ES-20240520-TOUT,2024-05-20,TOUT,2024-05-20 16:55:00-04:00,fade_high_short,1.1867878437042236,0.0,0.0,-1,99.70741831879423,2020-04-01,2024-03-31,2024-04-01,2024-06-30
ES-20240426-TOUT,2024-04-26,TOUT,2024-04-26 16:55:00-04:00,fade_high_short,1.1452735662460327,-5.5,1.0,1,94.20741831879423,2020-04-01,2024-03-31,2024-04-01,2024-06-30
ES-20240502-TOUT,2024-05-02,TOUT,2024-05-02 16:55:00-04:00,breakout_short,1.1175777912139893,0.0,0.0,-1,94.20741831879423,2020-04-01,2024-03-31,2024-04-01,2024-06-30
ES-20240516-TOUT,2024-05-16,TOUT,2024-05-16 16:55:00-04:00,breakout_short,1.0403562784194946,0.0,0.0,-1,94.20741831879423,2020-04-01,2024-03-31,2024-04-01,2024-06-30
ES-20240503-TOUT,2024-05-03,TOUT,2024-05-03 16:55:00-04:00,fade_high_short,0.9771339893341064,-1.25,1.0,1,92.95741831879423,2020-04-01,2024-03-31,2024-04-01,2024-06-30
ES-20240517-TOUT,2024-05-17,TOUT,2024-05-17 16:55:00-04:00,fade_high_short,0.8776136040687561,-6.75,1.0,1,86.20741831879423,2020-04-01,2024-03-31,2024-04-01,2024-06-30
ES-20240513-TOUT,2024-05-13,TOUT,2024-05-13 16:55:00-04:00,breakout_short,0.8520736694335938,-2.75,1.0,1,83.45741831879423,2020-04-01,2024-03-31,2024-04-01,2024-06-30
ES-20240514-TOUT,2024-05-14,TOUT,2024-05-14 16:55:00-04:00,breakout_short,0.829230785369873,-5.5,1.0,1,77.95741831879423,2020-04-01,2024-03-31,2024-04-01,2024-06-30
ES-20240521-TOUT,2024-05-21,TOUT,2024-05-21 16:55:00-04:00,fade_high_short,0.7978308200836182,-0.5,1.0,1,77.45741831879423,2020-04-01,2024-03-31,2024-04-01,2024-06-30
ES-20240510-TOUT,2024-05-10,TOUT,2024-05-10 16:55:00-04:00,fade_high_short,0.7588449716567993,0.0,0.0,-1,77.45741831879423,2020-04-01,2024-03-31,2024-04-01,2024-06-30
ES-20240528-TOUT,2024-05-28,TOUT,2024-05-28 16:55:00-04:00,breakout_short,0.7345232367515564,0.5,1.0,1,77.95741831879423,2020-04-01,2024-03-31,2024-04-01,2024-06-30
ES-20240409-TOUT,2024-04-09,TOUT,2024-04-09 16:55:00-04:00,mid_revert_short,0.693160355091095,0.0,0.0,-1,77.95741831879423,2020-04-01,2024-03-31,2024-04-01,2024-06-30
ES-20240524-TOUT,2024-05-24,TOUT,2024-05-24 16:55:00-04:00,breakout_short,0.6560317873954773,2.25,1.0,1,80.20741831879423,2020-04-01,2024-03-31,2024-04-01,2024-06-30
ES-20240508-TOUT,2024-05-08,TOUT,2024-05-08 16:55:00-04:00,breakout_short,0.5784722566604614,-3.25,1.0,1,76.95741831879423,2020-04-01,2024-03-31,2024-04-01,2024-06-30
ES-20240424-TOUT,2024-04-24,TOUT,2024-04-24 16:55:00-04:00,mid_revert_long,0.5411794781684875,-3.050229078974553,1.0,0,73.90718923981967,2020-04-01,2024-03-31,2024-04-01,2024-06-30
ES-20240813-TOUT,2024-08-13,TOUT,2024-08-13 16:55:00-04:00,breakout_short,2.788294553756714,-5.25,1.0,1,68.65718923981967,2020-07-01,2024-06-30,2024-07-01,2024-09-30
ES-20240906-TOUT,2024-09-06,TOUT,2024-09-06 16:55:00-04:00,mid_revert_long,2.1286251544952393,0.0,0.0,-1,68.65718923981967,2020-07-01,2024-06-30,2024-07-01,2024-09-30
ES-20240905-TOUT,2024-09-05,TOUT,2024-09-05 16:55:00-04:00,breakout_short,1.3893970251083374,1.0,1.0,1,69.65718923981967,2020-07-01,2024-06-30,2024-07-01,2024-09-30
ES-20240903-TOUT,2024-09-03,TOUT,2024-09-03 16:55:00-04:00,breakout_short,1.1477153301239014,-1.25,1.0,1,68.40718923981967,2020-07-01,2024-06-30,2024-07-01,2024-09-30
ES-20240912-TOUT,2024-09-12,TOUT,2024-09-12 16:55:00-04:00,breakout_short,1.0294477939605713,0.0,0.0,-1,68.40718923981967,2020-07-01,2024-06-30,2024-07-01,2024-09-30
ES-20240827-TOUT,2024-08-27,TOUT,2024-08-27 16:55:00-04:00,fade_low_long,0.9760031700134277,-10.537345217707298,1.0,0,57.869844022112375,2020-07-01,2024-06-30,2024-07-01,2024-09-30
ES-20240731-TOUT,2024-07-31,TOUT,2024-07-31 16:55:00-04:00,breakout_short,0.8568257689476013,0.0,0.0,-1,57.869844022112375,2020-07-01,2024-06-30,2024-07-01,2024-09-30
ES-20240819-TOUT,2024-08-19,TOUT,2024-08-19 16:55:00-04:00,fade_high_short,0.8477148413658142,2.25,1.0,1,60.119844022112375,2020-07-01,2024-06-30,2024-07-01,2024-09-30
ES-20240802-TOUT,2024-08-02,TOUT,2024-08-02 16:55:00-04:00,breakout_short,0.7998159527778625,26.959345427966582,1.0,2,87.07918945007896,2020-07-01,2024-06-30,2024-07-01,2024-09-30
ES-20240926-TOUT,2024-09-26,TOUT,2024-09-26 16:55:00-04:00,breakout_short,0.7845010161399841,0.0,0.0,-1,87.07918945007896,2020-07-01,2024-06-30,2024-07-01,2024-09-30
ES-20240910-TOUT,2024-09-10,TOUT,2024-09-10 16:55:00-04:00,breakout_short,0.7295849919319153,0.0,0.0,-1,87.07918945007896,2020-07-01,2024-06-30,2024-07-01,2024-09-30
ES-20240812-TOUT,2024-08-12,TOUT,2024-08-12 16:55:00-04:00,fade_high_short,0.724466860294342,0.0,0.0,-1,87.07918945007896,2020-07-01,2024-06-30,2024-07-01,2024-09-30
ES-20240808-TOUT,2024-08-08,TOUT,2024-08-08 16:55:00-04:00,fade_high_short,0.6761135458946228,9.25,1.0,1,96.32918945007896,2020-07-01,2024-06-30,2024-07-01,2024-09-30
ES-20240830-TOUT,2024-08-30,TOUT,2024-08-30 16:55:00-04:00,fade_high_short,0.6384783983230591,0.0,0.0,-1,96.32918945007896,2020-07-01,2024-06-30,2024-07-01,2024-09-30
ES-20240822-TOUT,2024-08-22,TOUT,2024-08-22 16:55:00-04:00,breakout_long,0.5678721070289612,0.25,1.0,1,96.57918945007896,2020-07-01,2024-06-30,2024-07-01,2024-09-30
ES-20240809-TOUT,2024-08-09,TOUT,2024-08-09 16:55:00-04:00,breakout_short,0.5484221577644348,-5.25,1.0,1,91.32918945007896,2020-07-01,2024-06-30,2024-07-01,2024-09-30
ES-20240826-TOUT,2024-08-26,TOUT,2024-08-26 16:55:00-04:00,fade_high_short,0.5137363076210022,0.0,0.0,-1,91.32918945007896,2020-07-01,2024-06-30,2024-07-01,2024-09-30
ES-20241122-TOUT,2024-11-22,TOUT,2024-11-22 16:55:00-05:00,breakout_long,1.8365219831466675,16.932146295378516,1.0,2,108.26133574545747,2020-10-01,2024-09-30,2024-10-01,2024-12-31
ES-20241106-TOUT,2024-11-06,TOUT,2024-11-06 16:55:00-05:00,mid_revert_short,1.327831745147705,4.875,1.0,2,113.13633574545747,2020-10-01,2024-09-30,2024-10-01,2024-12-31
ES-20241126-TOUT,2024-11-26,TOUT,2024-11-26 16:55:00-05:00,breakout_long,1.2573856115341187,0.0,0.0,-1,113.13633574545747,2020-10-01,2024-09-30,2024-10-01,2024-12-31
ES-20241105-TOUT,2024-11-05,TOUT,2024-11-05 16:55:00-05:00,breakout_long,1.2424328327178955,-4.8782172309474845,1.0,0,108.25811851450999,2020-10-01,2024-09-30,2024-10-01,2024-12-31
ES-20241014-TOUT,2024-10-14,TOUT,2024-10-14 16:55:00-04:00,breakout_long,1.2173062562942505,-3.785975820052954,1.0,0,104.47214269445703,2020-10-01,2024-09-30,2024-10-01,2024-12-31
ES-20241218-TOUT,2024-12-18,TOUT,2024-12-18 16:55:00-05:00,fade_low_long,1.1455336809158325,0.0,0.0,-1,104.47214269445703,2020-10-01,2024-09-30,2024-10-01,2024-12-31
ES-20241227-TOUT,2024-12-27,TOUT,2024-12-27 16:55:00-05:00,breakout_short,1.1303932666778564,0.75,1.0,1,105.22214269445703,2020-10-01,2024-09-30,2024-10-01,2024-12-31
ES-20241002-TOUT,2024-10-02,TOUT,2024-10-02 16:55:00-04:00,breakout_long,1.005098581314087,0.0,0.0,-1,105.22214269445703,2020-10-01,2024-09-30,2024-10-01,2024-12-31
ES-20241104-TOUT,2024-11-04,TOUT,2024-11-04 16:55:00-05:00,breakout_long,0.859532356262207,-4.90018038699327,1.0,0,100.32196230746376,2020-10-01,2024-09-30,2024-10-01,2024-12-31
ES-20241107-TOUT,2024-11-07,TOUT,2024-11-07 16:55:00-05:00,breakout_long,0.7723907828330994,0.0,0.0,-1,100.32196230746376,2020-10-01,2024-09-30,2024-10-01,2024-12-31
ES-20241210-TOUT,2024-12-10,TOUT,2024-12-10 16:55:00-05:00,breakout_long,0.7525092363357544,-3.5,1.0,1,96.82196230746376,2020-10-01,2024-09-30,2024-10-01,2024-12-31
ES-20241226-TOUT,2024-12-26,TOUT,2024-12-26 16:55:00-05:00,breakout_long,0.7356752753257751,0.0,0.0,-1,96.82196230746376,2020-10-01,2024-09-30,2024-10-01,2024-12-31
ES-20241216-TOUT,2024-12-16,TOUT,2024-12-16 16:55:00-05:00,breakout_long,0.7109688520431519,0.0,0.0,-1,96.82196230746376,2020-10-01,2024-09-30,2024-10-01,2024-12-31
ES-20241217-TOUT,2024-12-17,TOUT,2024-12-17 16:55:00-05:00,breakout_long,0.6801969408988953,0.0,0.0,-1,96.82196230746376,2020-10-01,2024-09-30,2024-10-01,2024-12-31
ES-20241203-TOUT,2024-12-03,TOUT,2024-12-03 16:55:00-05:00,breakout_long,0.6770532131195068,0.0,0.0,-1,96.82196230746376,2020-10-01,2024-09-30,2024-10-01,2024-12-31
ES-20241202-TOUT,2024-12-02,TOUT,2024-12-02 16:55:00-05:00,breakout_long,0.6673888564109802,0.0,0.0,-1,96.82196230746376,2020-10-01,2024-09-30,2024-10-01,2024-12-31
ES-20241008-TOUT,2024-10-08,TOUT,2024-10-08 16:55:00-04:00,breakout_long,0.6444242596626282,0.0,0.0,-1,96.82196230746376,2020-10-01,2024-09-30,2024-10-01,2024-12-31
ES-20241024-TOUT,2024-10-24,TOUT,2024-10-24 16:55:00-04:00,breakout_long,0.6157827973365784,0.0,0.0,-1,96.82196230746376,2020-10-01,2024-09-30,2024-10-01,2024-12-31
ES-20241108-TOUT,2024-11-08,TOUT,2024-11-08 16:55:00-05:00,breakout_short,0.6143968105316162,0.0,0.0,-1,96.82196230746376,2020-10-01,2024-09-30,2024-10-01,2024-12-31
ES-20241029-TOUT,2024-10-29,TOUT,2024-10-29 16:55:00-04:00,breakout_long,0.6137820482254028,-2.844782213759572,1.0,0,93.97718009370419,2020-10-01,2024-09-30,2024-10-01,2024-12-31
ES-20241113-TOUT,2024-11-13,TOUT,2024-11-13 16:55:00-05:00,breakout_long,0.6117462515830994,0.0,0.0,-1,93.97718009370419,2020-10-01,2024-09-30,2024-10-01,2024-12-31
ES-20241220-TOUT,2024-12-20,TOUT,2024-12-20 16:55:00-05:00,breakout_long,0.5565551519393921,-9.199226297048881,1.0,0,84.77795379665531,2020-10-01,2024-09-30,2024-10-01,2024-12-31
ES-20241018-TOUT,2024-10-18,TOUT,2024-10-18 16:55:00-04:00,breakout_long,0.5135654807090759,4.5,1.0,1,89.27795379665531,2020-10-01,2024-09-30,2024-10-01,2024-12-31
ES-20241223-TOUT,2024-12-23,TOUT,2024-12-23 16:55:00-05:00,breakout_long,0.5053430795669556,-8.96926934408748,1.0,0,80.30868445256783,2020-10-01,2024-09-30,2024-10-01,2024-12-31
ES-20241125-TOUT,2024-11-25,TOUT,2024-11-25 16:55:00-05:00,breakout_long,0.5009035468101501,-7.144827867016829,1.0,0,73.163856585551,2020-10-01,2024-09-30,2024-10-01,2024-12-31
ES-20250328-TOUT,2025-03-28,TOUT,2025-03-28 16:55:00-04:00,breakout_short,4.797948360443115,18.0,1.0,1,91.163856585551,2021-01-01,2024-12-31,2025-01-01,2025-03-31
ES-20250228-TOUT,2025-02-28,TOUT,2025-02-28 16:55:00-05:00,fade_high_short,2.3435041904449463,-9.445507050607375,1.0,0,81.71834953494363,2021-01-01,2024-12-31,2025-01-01,2025-03-31
ES-20250305-TOUT,2025-03-05,TOUT,2025-03-05 16:55:00-05:00,fade_high_short,2.002694845199585,2.75,1.0,1,84.46834953494363,2021-01-01,2024-12-31,2025-01-01,2025-03-31
ES-20250103-TOUT,2025-01-03,TOUT,2025-01-03 16:55:00-05:00,fade_high_short,1.9657490253448486,-6.624883899871747,1.0,0,77.84346563507188,2021-01-01,2024-12-31,2025-01-01,2025-03-31
ES-20250224-TOUT,2025-02-24,TOUT,2025-02-24 16:55:00-05:00,fade_high_short,1.8356891870498657,0.25,1.0,1,78.09346563507188,2021-01-01,2024-12-31,2025-01-01,2025-03-31
ES-20250108-TOUT,2025-01-08,TOUT,2025-01-08 16:55:00-05:00,fade_high_short,1.8005048036575317,0.0,0.0,-1,78.09346563507188,2021-01-01,2024-12-31,2025-01-01,2025-03-31
ES-20250115-TOUT,2025-01-15,TOUT,2025-01-15 16:55:00-05:00,fade_high_short,1.7194174528121948,-6.395792447083295,1.0,0,71.69767318798858,2021-01-01,2024-12-31,2025-01-01,2025-03-31
ES-20250205-TOUT,2025-02-05,TOUT,2025-02-05 16:55:00-05:00,fade_high_short,1.6802752017974854,-3.0,1.0,1,68.69767318798858,2021-01-01,2024-12-31,2025-01-01,2025-03-31
ES-20250212-TOUT,2025-02-12,TOUT,2025-02-12 16:55:00-05:00,fade_high_short,1.6206060647964478,-2.5,1.0,1,66.19767318798858,2021-01-01,2024-12-31,2025-01-01,2025-03-31
ES-20250121-TOUT,2025-01-21,TOUT,2025-01-21 16:55:00-05:00,fade_high_short,1.5956082344055176,-4.25,1.0,1,61.947673187988585,2021-01-01,2024-12-31,2025-01-01,2025-03-31
ES-20250207-TOUT,2025-02-07,TOUT,2025-02-07 16:55:00-05:00,fade_high_short,1.5773673057556152,-8.423224170351205,1.0,0,53.52444901763738,2021-01-01,2024-12-31,2025-01-01,2025-03-31
ES-20250130-TOUT,2025-01-30,TOUT,2025-01-30 16:55:00-05:00,fade_high_short,1.5615633726119995,-5.640301048618312,1.0,0,47.88414796901907,2021-01-01,2024-12-31,2025-01-01,2025-03-31
ES-20250204-TOUT,2025-02-04,TOUT,2025-02-04 16:55:00-05:00,breakout_short,1.5348743200302124,-5.25,1.0,1,42.63414796901907,2021-01-01,2024-12-31,2025-01-01,2025-03-31
ES-20250106-TOUT,2025-01-06,TOUT,2025-01-06 16:55:00-05:00,fade_high_short,1.497446894645691,4.0,1.0,1,46.63414796901907,2021-01-01,2024-12-31,2025-01-01,2025-03-31
ES-20250107-TOUT,2025-01-07,TOUT,2025-01-07 16:55:00-05:00,fade_high_short,1.395081639289856,-1.5,1.0,1,45.13414796901907,2021-01-01,2024-12-31,2025-01-01,2025-03-31
ES-20250114-TOUT,2025-01-14,TOUT,2025-01-14 16:55:00-05:00,fade_high_short,1.2896629571914673,0.0,0.0,-1,45.13414796901907,2021-01-01,2024-12-31,2025-01-01,2025-03-31
ES-20250225-TOUT,2025-02-25,TOUT,2025-02-25 16:55:00-05:00,fade_high_short,1.1290394067764282,-4.0,1.0,1,41.13414796901907,2021-01-01,2024-12-31,2025-01-01,2025-03-31
ES-20250127-TOUT,2025-01-27,TOUT,2025-01-27 16:55:00-05:00,mid_revert_short,1.1074941158294678,0.0,0.0,-1,41.13414796901907,2021-01-01,2024-12-31,2025-01-01,2025-03-31
ES-20250116-TOUT,2025-01-16,TOUT,2025-01-16 16:55:00-05:00,fade_high_short,1.012657642364502,0.0,0.0,-1,41.13414796901907,2021-01-01,2024-12-31,2025-01-01,2025-03-31
ES-20250213-TOUT,2025-02-13,TOUT,2025-02-13 16:55:00-05:00,fade_high_short,1.0073912143707275,-0.25,1.0,1,40.88414796901907,2021-01-01,2024-12-31,2025-01-01,2025-03-31
ES-20250221-TOUT,2025-02-21,TOUT,2025-02-21 16:55:00-05:00,fade_high_short,0.9686137437820435,-8.893103497914126,1.0,0,31.991044471104942,2021-01-01,2024-12-31,2025-01-01,2025-03-31
ES-20250219-TOUT,2025-02-19,TOUT,2025-02-19 16:55:00-05:00,fade_high_short,0.9313373565673828,0.0,0.0,-1,31.991044471104942,2021-01-01,2024-12-31,2025-01-01,2025-03-31
ES-20250113-TOUT,2025-01-13,TOUT,2025-01-13 16:55:00-05:00,fade_high_short,0.9060534238815308,-6.523210192431179,1.0,0,25.467834278673763,2021-01-01,2024-12-31,2025-01-01,2025-03-31
ES-20250129-TOUT,2025-01-29,TOUT,2025-01-29 16:55:00-05:00,mid_revert_long,0.8923649191856384,0.0,0.0,-1,25.467834278673763,2021-01-01,2024-12-31,2025-01-01,2025-03-31
ES-20250203-TOUT,2025-02-03,TOUT,2025-02-03 16:55:00-05:00,fade_high_short,0.889467179775238,-5.978521096004442,1.0,0,19.48931318266932,2021-01-01,2024-12-31,2025-01-01,2025-03-31
ES-20250220-TOUT,2025-02-20,TOUT,2025-02-20 16:55:00-05:00,fade_high_short,0.8478970527648926,0.75,1.0,1,20.23931318266932,2021-01-01,2024-12-31,2025-01-01,2025-03-31
ES-20250321-TOUT,2025-03-21,TOUT,2025-03-21 16:55:00-04:00,fade_high_short,0.7322548627853394,-9.056823829871973,1.0,0,11.182489352797347,2021-01-01,2024-12-31,2025-01-01,2025-03-31
ES-20250110-TOUT,2025-01-10,TOUT,2025-01-10 16:55:00-05:00,fade_high_short,0.712480366230011,0.0,0.0,-1,11.182489352797347,2021-01-01,2024-12-31,2025-01-01,2025-03-31
ES-20250317-TOUT,2025-03-17,TOUT,2025-03-17 16:55:00-04:00,fade_high_short,0.7106819748878479,1.25,1.0,1,12.432489352797347,2021-01-01,2024-12-31,2025-01-01,2025-03-31
ES-20250324-TOUT,2025-03-24,TOUT,2025-03-24 16:55:00-04:00,breakout_short,0.6902974843978882,2.25,1.0,1,14.682489352797347,2021-01-01,2024-12-31,2025-01-01,2025-03-31
ES-20250303-TOUT,2025-03-03,TOUT,2025-03-03 16:55:00-05:00,fade_low_long,0.6600017547607422,0.0,0.0,-1,14.682489352797347,2021-01-01,2024-12-31,2025-01-01,2025-03-31
ES-20250318-TOUT,2025-03-18,TOUT,2025-03-18 16:55:00-04:00,breakout_short,0.6218699216842651,-0.75,1.0,1,13.932489352797347,2021-01-01,2024-12-31,2025-01-01,2025-03-31
ES-20250314-TOUT,2025-03-14,TOUT,2025-03-14 16:55:00-04:00,fade_high_short,0.6003639101982117,0.0,0.0,-1,13.932489352797347,2021-01-01,2024-12-31,2025-01-01,2025-03-31
ES-20250312-TOUT,2025-03-12,TOUT,2025-03-12 16:55:00-04:00,fade_high_short,0.5490744709968567,-9.444299645453611,1.0,0,4.488189707343736,2021-01-01,2024-12-31,2025-01-01,2025-03-31
ES-20250117-TOUT,2025-01-17,TOUT,2025-01-17 16:55:00-05:00,breakout_long,0.5482427477836609,-8.500707704893102,1.0,0,-4.0125179975493666,2021-01-01,2024-12-31,2025-01-01,2025-03-31
ES-20250131-TOUT,2025-01-31,TOUT,2025-01-31 16:55:00-05:00,fade_high_short,0.5241684913635254,0.0,0.0,-1,-4.0125179975493666,2021-01-01,2024-12-31,2025-01-01,2025-03-31
ES-20250612-TOUT,2025-06-12,TOUT,2025-06-12 16:55:00-04:00,breakout_short,4.088835716247559,5.75,1.0,1,1.7374820024506334,2021-04-01,2025-03-31,2025-04-01,2025-06-30
ES-20250617-TOUT,2025-06-17,TOUT,2025-06-17 16:55:00-04:00,breakout_short,3.1631176471710205,10.0,1.0,1,11.737482002450633,2021-04-01,2025-03-31,2025-04-01,2025-06-30
ES-20250409-TOUT,2025-04-09,TOUT,2025-04-09 16:55:00-04:00,fade_high_short,3.077528476715088,3.5,1.0,1,15.237482002450633,2021-04-01,2025-03-31,2025-04-01,2025-06-30
ES-20250613-TOUT,2025-06-13,TOUT,2025-06-13 16:55:00-04:00,breakout_short,3.058279514312744,22.15428747002352,1.0,2,37.39176947247415,2021-04-01,2025-03-31,2025-04-01,2025-06-30
ES-20250516-TOUT,2025-05-16,TOUT,2025-05-16 16:55:00-04:00,breakout_short,2.6342852115631104,-2.0,1.0,1,35.39176947247415,2021-04-01,2025-03-31,2025-04-01,2025-06-30
ES-20250605-TOUT,2025-06-05,TOUT,2025-06-05 16:55:00-04:00,breakout_short,2.599146842956543,-9.197388254621728,1.0,0,26.194381217852424,2021-04-01,2025-03-31,2025-04-01,2025-06-30
ES-20250402-TOUT,2025-04-02,TOUT,2025-04-02 16:55:00-04:00,mid_revert_long,2.4369187355041504,-6.310766843959755,1.0,0,19.88361437389267,2021-04-01,2025-03-31,2025-04-01,2025-06-30
ES-20250618-TOUT,2025-06-18,TOUT,2025-06-18 16:55:00-04:00,breakout_short,2.432453155517578,4.0,1.0,1,23.88361437389267,2021-04-01,2025-03-31,2025-04-01,2025-06-30
ES-20250408-TOUT,2025-04-08,TOUT,2025-04-08 16:55:00-04:00,fade_low_long,2.2694668769836426,-33.63010568575373,1.0,0,-9.746491311861064,2021-04-01,2025-03-31,2025-04-01,2025-06-30
ES-20250423-TOUT,2025-04-23,TOUT,2025-04-23 16:55:00-04:00,fade_high_short,2.209408760070801,0.0,0.0,-1,-9.746491311861064,2021-04-01,2025-03-31,2025-04-01,2025-06-30
ES-20250428-TOUT,2025-04-28,TOUT,2025-04-28 16:55:00-04:00,fade_high_short,2.111628532409668,0.0,0.0,-1,-9.746491311861064,2021-04-01,2025-03-31,2025-04-01,2025-06-30
ES-20250411-TOUT,2025-04-11,TOUT,2025-04-11 16:55:00-04:00,fade_high_short,1.9138907194137573,-33.64292882201971,1.0,0,-43.389420133880776,2021-04-01,2025-03-31,2025-04-01,2025-06-30
ES-20250430-TOUT,2025-04-30,TOUT,2025-04-30 16:55:00-04:00,fade_high_short,1.85062575340271,-8.0,1.0,1,-51.389420133880776,2021-04-01,2025-03-31,2025-04-01,2025-06-30
ES-20250424-TOUT,2025-04-24,TOUT,2025-04-24 16:55:00-04:00,fade_high_short,1.8483613729476929,0.0,0.0,-1,-51.389420133880776,2021-04-01,2025-03-31,2025-04-01,2025-06-30
ES-20250416-TOUT,2025-04-16,TOUT,2025-04-16 16:55:00-04:00,fade_high_short,1.8041713237762451,0.0,0.0,-1,-51.389420133880776,2021-04-01,2025-03-31,2025-04-01,2025-06-30
ES-20250401-TOUT,2025-04-01,TOUT,2025-04-01 16:55:00-04:00,breakout_short,1.7917160987854004,0.0,0.0,-1,-51.389420133880776,2021-04-01,2025-03-31,2025-04-01,2025-06-30
ES-20250506-TOUT,2025-05-06,TOUT,2025-05-06 16:55:00-04:00,breakout_short,1.7804087400436401,0.0,0.0,-1,-51.389420133880776,2021-04-01,2025-03-31,2025-04-01,2025-06-30
ES-20250415-TOUT,2025-04-15,TOUT,2025-04-15 16:55:00-04:00,fade_high_short,1.7783803939819336,0.0,0.0,-1,-51.389420133880776,2021-04-01,2025-03-31,2025-04-01,2025-06-30
ES-20250403-TOUT,2025-04-03,TOUT,2025-04-03 16:55:00-04:00,breakout_short,1.6464327573776245,-8.5,1.0,1,-59.889420133880776,2021-04-01,2025-03-31,2025-04-01,2025-06-30
ES-20250407-TOUT,2025-04-07,TOUT,2025-04-07 16:55:00-04:00,fade_high_short,1.6255971193313599,-5.25,1.0,1,-65.13942013388078,2021-04-01,2025-03-31,2025-04-01,2025-06-30
ES-20250422-TOUT,2025-04-22,TOUT,2025-04-22 16:55:00-04:00,fade_high_short,1.4896246194839478,-32.92240629051503,1.0,0,-98.0618264243958,2021-04-01,2025-03-31,2025-04-01,2025-06-30
ES-20250501-TOUT,2025-05-01,TOUT,2025-05-01 16:55:00-04:00,fade_high_short,1.451306939125061,0.0,0.0,-1,-98.0618264243958,2021-04-01,2025-03-31,2025-04-01,2025-06-30
ES-20250410-TOUT,2025-04-10,TOUT,2025-04-10 16:55:00-04:00,fade_high_short,1.4180376529693604,36.5,1.0,1,-61.561826424395804,2021-04-01,2025-03-31,2025-04-01,2025-06-30
ES-20250425-TOUT,2025-04-25,TOUT,2025-04-25 16:55:00-04:00,fade_high_short,1.336047649383545,0.0,0.0,-1,-61.561826424395804,2021-04-01,2025-03-31,2025-04-01,2025-06-30
ES-20250507-TOUT,2025-05-07,TOUT,2025-05-07 16:55:00-04:00,breakout_short,1.3333858251571655,-7.75,1.0,1,-69.3118264243958,2021-04-01,2025-03-31,2025-04-01,2025-06-30
ES-20250429-TOUT,2025-04-29,TOUT,2025-04-29 16:55:00-04:00,fade_high_short,1.2630972862243652,0.0,0.0,-1,-69.3118264243958,2021-04-01,2025-03-31,2025-04-01,2025-06-30
ES-20250502-TOUT,2025-05-02,TOUT,2025-05-02 16:55:00-04:00,fade_high_short,1.1911057233810425,0.0,0.0,-1,-69.3118264243958,2021-04-01,2025-03-31,2025-04-01,2025-06-30
ES-20250529-TOUT,2025-05-29,TOUT,2025-05-29 16:55:00-04:00,fade_high_short,1.1417124271392822,0.0,0.0,-1,-69.3118264243958,2021-04-01,2025-03-31,2025-04-01,2025-06-30
ES-20250404-TOUT,2025-04-04,TOUT,2025-04-04 16:55:00-04:00,fade_high_short,1.1328885555267334,0.0,0.0,-1,-69.3118264243958,2021-04-01,2025-03-31,2025-04-01,2025-06-30
ES-20250421-TOUT,2025-04-21,TOUT,2025-04-21 16:55:00-04:00,fade_high_short,0.8617134094238281,2.0,1.0,1,-67.3118264243958,2021-04-01,2025-03-31,2025-04-01,2025-06-30
ES-20250505-TOUT,2025-05-05,TOUT,2025-05-05 16:55:00-04:00,fade_high_short,0.8129472732543945,0.0,0.0,-1,-67.3118264243958,2021-04-01,2025-03-31,2025-04-01,2025-06-30
ES-20250623-TOUT,2025-06-23,TOUT,2025-06-23 16:55:00-04:00,mid_revert_short,0.786361575126648,0.0,0.0,-1,-67.3118264243958,2021-04-01,2025-03-31,2025-04-01,2025-06-30
ES-20250522-TOUT,2025-05-22,TOUT,2025-05-22 16:55:00-04:00,fade_high_short,0.7800719141960144,10.0,1.0,1,-57.311826424395804,2021-04-01,2025-03-31,2025-04-01,2025-06-30
ES-20250523-TOUT,2025-05-23,TOUT,2025-05-23 16:55:00-04:00,breakout_short,0.7031862139701843,0.0,0.0,-1,-57.311826424395804,2021-04-01,2025-03-31,2025-04-01,2025-06-30
ES-20250606-TOUT,2025-06-06,TOUT,2025-06-06 16:55:00-04:00,mid_revert_short,0.6789469122886658,0.0,0.0,-1,-57.311826424395804,2021-04-01,2025-03-31,2025-04-01,2025-06-30
ES-20250527-TOUT,2025-05-27,TOUT,2025-05-27 16:55:00-04:00,breakout_long,0.6780633330345154,-4.5,1.0,1,-61.811826424395804,2021-04-01,2025-03-31,2025-04-01,2025-06-30
ES-20250610-TOUT,2025-06-10,TOUT,2025-06-10 16:55:00-04:00,breakout_long,0.6752211451530457,-9.356822196919893,1.0,0,-71.1686486213157,2021-04-01,2025-03-31,2025-04-01,2025-06-30
ES-20250616-TOUT,2025-06-16,TOUT,2025-06-16 16:55:00-04:00,breakout_short,0.6703544855117798,22.02953022631482,1.0,2,-49.13911839500088,2021-04-01,2025-03-31,2025-04-01,2025-06-30
ES-20250609-TOUT,2025-06-09,TOUT,2025-06-09 16:55:00-04:00,mid_revert_long,0.6034727692604065,0.0,0.0,-1,-49.13911839500088,2021-04-01,2025-03-31,2025-04-01,2025-06-30
ES-20250611-TOUT,2025-06-11,TOUT,2025-06-11 16:55:00-04:00,breakout_short,0.5701189637184143,7.5,1.0,1,-41.63911839500088,2021-04-01,2025-03-31,2025-04-01,2025-06-30
ES-20250512-TOUT,2025-05-12,TOUT,2025-05-12 16:55:00-04:00,fade_high_short,0.5456460118293762,0.0,0.0,-1,-41.63911839500088,2021-04-01,2025-03-31,2025-04-01,2025-06-30
ES-20250627-TOUT,2025-06-27,TOUT,2025-06-27 16:55:00-04:00,breakout_short,0.5388838052749634,0.0,0.0,-1,-41.63911839500088,2021-04-01,2025-03-31,2025-04-01,2025-06-30
ES-20250519-TOUT,2025-05-19,TOUT,2025-05-19 16:55:00-04:00,fade_high_short,0.5002639889717102,-4.0,1.0,1,-45.63911839500088,2021-04-01,2025-03-31,2025-04-01,2025-06-30
ES-20250721-TOUT,2025-07-21,TOUT,2025-07-21 16:55:00-04:00,breakout_short,2.514496326446533,0.0,0.0,-1,-45.63911839500088,2021-07-01,2025-06-30,2025-07-01,2025-09-30
ES-20250711-TOUT,2025-07-11,TOUT,2025-07-11 16:55:00-04:00,breakout_short,2.0725395679473877,9.472929694392406,1.0,2,-36.16618870060847,2021-07-01,2025-06-30,2025-07-01,2025-09-30
ES-20250715-TOUT,2025-07-15,TOUT,2025-07-15 16:55:00-04:00,breakout_short,1.9605622291564941,4.5,1.0,1,-31.666188700608473,2021-07-01,2025-06-30,2025-07-01,2025-09-30
ES-20250731-TOUT,2025-07-31,TOUT,2025-07-31 16:55:00-04:00,breakout_long,1.4065653085708618,0.0,0.0,-1,-31.666188700608473,2021-07-01,2025-06-30,2025-07-01,2025-09-30
ES-20250707-TOUT,2025-07-07,TOUT,2025-07-07 16:55:00-04:00,breakout_short,1.321783185005188,-4.035794083426481,1.0,0,-35.70198278403495,2021-07-01,2025-06-30,2025-07-01,2025-09-30
ES-20250708-TOUT,2025-07-08,TOUT,2025-07-08 16:55:00-04:00,breakout_short,1.1674175262451172,0.0,0.0,-1,-35.70198278403495,2021-07-01,2025-06-30,2025-07-01,2025-09-30
ES-20250724-TOUT,2025-07-24,TOUT,2025-07-24 16:55:00-04:00,breakout_short,1.1634465456008911,0.0,0.0,-1,-35.70198278403495,2021-07-01,2025-06-30,2025-07-01,2025-09-30
ES-20250702-TOUT,2025-07-02,TOUT,2025-07-02 16:55:00-04:00,breakout_long,1.0353788137435913,0.0,0.0,-1,-35.70198278403495,2021-07-01,2025-06-30,2025-07-01,2025-09-30
ES-20250729-TOUT,2025-07-29,TOUT,2025-07-29 16:55:00-04:00,breakout_short,0.9506382942199707,0.0,0.0,-1,-35.70198278403495,2021-07-01,2025-06-30,2025-07-01,2025-09-30
ES-20250725-TOUT,2025-07-25,TOUT,2025-07-25 16:55:00-04:00,breakout_long,0.9316044449806213,8.945149876429241,1.0,2,-26.756832907605713,2021-07-01,2025-06-30,2025-07-01,2025-09-30
ES-20250722-TOUT,2025-07-22,TOUT,2025-07-22 16:55:00-04:00,breakout_long,0.9303457140922546,-4.4892278343559155,1.0,0,-31.246060741961628,2021-07-01,2025-06-30,2025-07-01,2025-09-30
ES-20250730-TOUT,2025-07-30,TOUT,2025-07-30 16:55:00-04:00,mid_revert_short,0.7364084124565125,-3.998332962798486,1.0,0,-35.244393704760114,2021-07-01,2025-06-30,2025-07-01,2025-09-30
ES-20250716-TOUT,2025-07-16,TOUT,2025-07-16 16:55:00-04:00,breakout_long,0.6355882287025452,0.0,0.0,-1,-35.244393704760114,2021-07-01,2025-06-30,2025-07-01,2025-09-30
ES-20250701-TOUT,2025-07-01,TOUT,2025-07-01 16:55:00-04:00,breakout_short,0.5298572182655334,0.0,0.0,-1,-35.244393704760114,2021-07-01,2025-06-30,2025-07-01,2025-09-30
