entry_time,exit_time,direction,entry_price,exit_price,stop_price,target_price,pnl_points,pnl_r,bars_held,exit_reason,entry_phase,stop_reason,target_reason
2016-01-04 00:55:00+00:00,2016-01-04 01:00:00+00:00,SHORT,2042.25,2042.5,2042.5,0.0,-0.25,-1.0,1,stop,range_forming,intraday_high,asia_low
2016-01-04 02:55:00+00:00,2016-01-04 03:00:00+00:00,SHORT,2029.25,2029.75,2029.75,0.0,-0.5,-1.0,1,stop,breakout,intraday_high,prior_day_low
2016-01-04 05:15:00+00:00,2016-01-04 05:20:00+00:00,SHORT,2019.25,2020.0,2020.0,0.0,-0.75,-1.0,1,stop,breakout,intraday_high,prior_day_low
2016-01-04 07:30:00+00:00,2016-01-04 08:00:00+00:00,SHORT,2013.0,2015.25,2015.25,0.0,-2.25,-1.0,6,stop,range_forming,intraday_high,prior_day_low
2016-01-04 14:30:00+00:00,2016-01-04 20:45:00+00:00,SHORT,1995.5,2001.0,2001.0,0.0,-5.5,-1.0,75,stop,range_forming,wddrb_high,asia_low
2016-01-05 00:10:00+00:00,2016-01-05 00:15:00+00:00,SHORT,2012.0,2012.5,2012.5,1980.25,-0.5,-1.0,1,stop,range_forming,intraday_high,wddrb_low
2016-01-05 02:15:00+00:00,2016-01-05 02:25:00+00:00,SHORT,2013.0,2013.75,2013.75,1980.25,-0.75,-1.0,2,stop,breakout,intraday_high,wddrb_low
2016-01-05 04:35:00+00:00,2016-01-05 04:45:00+00:00,SHORT,2012.0,2012.25,2012.25,0.0,-0.25,-1.0,2,stop,breakout,intraday_high,prior_day_low
2016-01-05 06:40:00+00:00,2016-01-05 19:20:00+00:00,SHORT,2012.5,2013.5,2013.5,0.0,-1.0,-1.0,152,stop,breakout,intraday_high,prior_day_low
2016-01-05 21:40:00+00:00,2016-03-11 15:40:00+00:00,SHORT,2012.5,2014.25,2014.25,0.0,-1.75,-1.0,12945,stop,range_forming,wddrb_high,asia_low
2016-03-11 17:35:00+00:00,2016-03-11 20:05:00+00:00,SHORT,2017.0,2019.0,2019.0,0.0,-2.0,-1.0,30,stop,breakout,wddrb_high,asia_low
2016-03-13 23:25:00+00:00,2016-03-16 19:35:00+00:00,SHORT,2017.75,2022.25,2022.25,0.0,-4.5,-1.0,788,stop,range_forming,wddrb_high,asia_low
2016-03-16 22:50:00+00:00,2016-03-17 00:25:00+00:00,SHORT,2017.5,2022.75,2022.75,0.0,-5.25,-1.0,19,stop,range_forming,wddrb_high,asia_low
2016-03-17 02:20:00+00:00,2016-03-17 02:25:00+00:00,SHORT,2023.0,2023.25,2023.25,0.0,-0.25,-1.0,1,stop,breakout,intraday_high,prior_day_low
2016-03-17 04:35:00+00:00,2016-03-17 07:05:00+00:00,SHORT,2022.5,2022.75,2022.75,0.0,-0.25,-1.0,30,stop,breakout,wddrb_high,prior_day_low
2016-03-17 09:10:00+00:00,2016-03-17 09:15:00+00:00,SHORT,2022.5,2022.75,2022.75,0.0,-0.25,-1.0,1,stop,breakout,wddrb_high,prior_day_low
2016-03-17 11:10:00+00:00,2016-03-17 14:55:00+00:00,SHORT,2010.25,2022.75,2022.75,0.0,-12.5,-1.0,45,stop,breakout,wddrb_high,prior_day_low
2016-03-17 17:15:00+00:00,2016-03-17 17:35:00+00:00,SHORT,2026.75,2031.0,2031.0,0.0,-4.25,-1.0,4,stop,breakout,wddrb_high,asia_low
2016-03-17 19:50:00+00:00,2016-03-18 10:45:00+00:00,SHORT,2031.5,2036.75,2036.75,0.0,-5.25,-1.0,164,stop,breakout,wddrb_high,asia_low
2016-03-18 12:40:00+00:00,2016-03-18 12:45:00+00:00,SHORT,2036.5,2036.75,2036.75,0.0,-0.25,-1.0,1,stop,range_forming,wddrb_high,asia_low
2016-03-18 14:40:00+00:00,2016-03-18 15:00:00+00:00,SHORT,2038.75,2040.75,2040.75,0.0,-2.0,-1.0,4,stop,range_forming,wddrb_high,asia_low
2016-03-18 17:00:00+00:00,2016-03-21 09:35:00+00:00,SHORT,2038.25,2042.75,2042.75,0.0,-4.5,-1.0,184,stop,breakout,wddrb_high,asia_low
2016-03-21 11:30:00+00:00,2016-03-21 17:25:00+00:00,SHORT,2039.0,2042.75,2042.75,0.0,-3.75,-1.0,71,stop,breakout,wddrb_high,prior_day_low
2016-03-21 19:20:00+00:00,2016-03-22 00:10:00+00:00,SHORT,2042.0,2044.5,2044.5,0.0,-2.5,-1.0,43,stop,breakout,wddrb_high,asia_low
2016-03-22 02:15:00+00:00,2016-03-22 16:50:00+00:00,SHORT,2042.0,2044.5,2044.5,0.0,-2.5,-1.0,175,stop,range_forming,wddrb_high,prior_day_low
2016-03-22 18:45:00+00:00,2016-03-29 19:20:00+00:00,SHORT,2046.5,2047.5,2047.5,0.0,-1.0,-1.0,1099,stop,breakout,wddrb_high,asia_low
2016-03-29 22:40:00+00:00,2016-03-29 22:50:00+00:00,SHORT,2047.5,2048.25,2048.25,0.0,-0.75,-1.0,2,stop,range_forming,intraday_high,asia_low
2016-03-30 00:45:00+00:00,2016-03-30 00:55:00+00:00,SHORT,2049.5,2049.75,2049.75,2019.25,-0.25,-1.0,2,stop,range_forming,intraday_high,wddrb_low
2016-03-30 02:50:00+00:00,2016-03-30 06:45:00+00:00,SHORT,2049.75,2050.0,2050.0,0.0,-0.25,-1.0,47,stop,range_forming,intraday_high,prior_day_low
2016-03-30 09:40:00+00:00,2016-06-24 03:45:00+00:00,LONG,2056.75,2019.25,2019.25,2169.25,-37.5,-1.0,16810,stop,breakout,wddrb_low,min_rr
2016-06-24 05:40:00+00:00,2016-06-24 05:45:00+00:00,LONG,2004.5,2002.25,2002.25,2105.0,-2.25,-1.0,1,stop,breakout,intraday_low,wddrb_high
2016-06-24 07:40:00+00:00,2016-07-08 12:30:00+00:00,SHORT,2033.5,2105.0,2105.0,0.0,-71.5,-1.0,2743,stop,range_forming,wddrb_high,prior_day_low
2016-07-08 14:30:00+00:00,2016-07-08 14:40:00+00:00,SHORT,2110.5,2113.75,2113.75,0.0,-3.25,-1.0,2,stop,range_forming,wddrb_high,asia_low
2016-07-08 16:35:00+00:00,2016-07-08 17:00:00+00:00,SHORT,2116.5,2118.5,2118.5,0.0,-2.0,-1.0,5,stop,breakout,wddrb_high,asia_low
2016-07-08 19:25:00+00:00,2016-07-08 19:55:00+00:00,SHORT,2121.5,2123.0,2123.0,0.0,-1.5,-1.0,6,stop,breakout,intraday_high,asia_low
2016-07-10 23:05:00+00:00,2016-07-31 22:00:00+00:00,LONG,2121.25,2174.5,2103.5,2174.5,53.25,3.0,4082,target,range_forming,wddrb_low,min_rr
2016-08-01 00:00:00+00:00,2016-08-02 08:45:00+00:00,LONG,2170.5,2157.5,2157.5,2209.5,-13.0,-1.0,378,stop,range_forming,wddrb_low,min_rr
2016-08-02 11:00:00+00:00,2016-08-02 11:05:00+00:00,LONG,2161.25,2159.75,2159.75,2165.75,-1.5,-1.0,1,stop,breakout,wddrb_low,min_rr
2016-08-02 13:00:00+00:00,2016-08-02 13:20:00+00:00,LONG,2160.25,2161.75,2159.75,2161.75,1.5,3.0,4,target,range_forming,wddrb_low,min_rr
2016-08-02 15:15:00+00:00,2016-08-04 11:25:00+00:00,SHORT,2147.75,2164.0,2164.0,0.0,-16.25,-1.0,500,stop,breakout,wddrb_high,asia_low
2016-08-04 13:20:00+00:00,2016-09-09 16:15:00+00:00,LONG,2159.0,2147.0,2147.0,2195.0,-12.0,-1.0,7088,stop,range_forming,wddrb_low,min_rr
2016-09-09 18:10:00+00:00,2016-09-09 19:10:00+00:00,LONG,2134.75,2134.25,2134.25,2164.5,-0.5,-1.0,12,stop,breakout,wddrb_low,wddrb_high
2016-09-11 22:35:00+00:00,2016-09-22 11:40:00+00:00,SHORT,2117.0,2164.5,2164.5,0.0,-47.5,-1.0,2341,stop,range_forming,wddrb_high,asia_low
2016-09-22 13:35:00+00:00,2016-09-22 14:30:00+00:00,SHORT,2169.25,2171.75,2171.75,0.0,-2.5,-1.0,11,stop,range_forming,wddrb_high,asia_low
2016-09-22 16:30:00+00:00,2016-11-10 08:15:00+00:00,SHORT,2168.5,2172.75,2172.75,0.0,-4.25,-1.0,9432,stop,breakout,wddrb_high,asia_low
2016-11-10 12:30:00+00:00,2017-02-10 18:45:00+00:00,LONG,2167.5,2315.25,2118.25,2315.25,147.75,3.0,17416,target,range_forming,wddrb_low,min_rr
2017-02-12 23:05:00+00:00,2017-02-13 02:15:00+00:00,SHORT,2315.0,2315.75,2315.75,0.0,-0.75,-1.0,38,stop,range_forming,wddrb_high,asia_low
2017-02-13 05:30:00+00:00,2017-02-13 05:35:00+00:00,SHORT,2315.75,2316.0,2316.0,0.0,-0.25,-1.0,1,stop,breakout,intraday_high,prior_day_low
2017-02-13 10:55:00+00:00,2017-02-13 11:10:00+00:00,SHORT,2314.75,2315.75,2315.75,0.0,-1.0,-1.0,3,stop,range_forming,wddrb_high,prior_day_low
2017-02-13 13:05:00+00:00,2017-02-15 20:15:00+00:00,LONG,2317.5,2349.75,2306.75,2349.75,32.25,3.0,632,target,breakout,wddrb_low,min_rr
2017-02-16 00:40:00+00:00,2017-02-16 00:45:00+00:00,SHORT,2348.0,2348.25,2348.25,0.0,-0.25,-1.0,1,stop,range_forming,intraday_high,asia_low
2017-02-16 02:45:00+00:00,2017-02-16 08:10:00+00:00,SHORT,2348.25,2349.75,2349.75,0.0,-1.5,-1.0,65,stop,breakout,wddrb_high,prior_day_low
2017-02-16 11:15:00+00:00,2017-02-16 14:30:00+00:00,SHORT,2346.5,2349.75,2349.75,0.0,-3.25,-1.0,39,stop,breakout,wddrb_high,prior_day_low
2017-02-17 00:40:00+00:00,2017-02-20 04:10:00+00:00,SHORT,2344.0,2349.75,2349.75,0.0,-5.75,-1.0,315,stop,range_forming,wddrb_high,asia_low
2017-02-20 07:05:00+00:00,2017-02-20 07:10:00+00:00,SHORT,2353.5,2353.75,2353.75,0.0,-0.25,-1.0,1,stop,range_forming,intraday_high,prior_day_low
2017-02-20 13:15:00+00:00,2017-02-20 13:20:00+00:00,SHORT,2349.75,2350.25,2350.25,0.0,-0.5,-1.0,1,stop,breakout,intraday_high,prior_day_low
2017-02-20 15:15:00+00:00,2017-02-20 16:25:00+00:00,SHORT,2352.0,2353.5,2353.5,0.0,-1.5,-1.0,14,stop,range_forming,wddrb_high,asia_low
2017-02-21 00:25:00+00:00,2017-02-21 14:15:00+00:00,SHORT,2353.25,2354.5,2354.5,0.0,-1.25,-1.0,166,stop,range_forming,wddrb_high,asia_low
2017-02-21 19:50:00+00:00,2017-02-21 20:40:00+00:00,SHORT,2362.25,2364.75,2364.75,0.0,-2.5,-1.0,10,stop,breakout,wddrb_high,asia_low
2017-02-22 00:25:00+00:00,2017-02-23 13:45:00+00:00,SHORT,2359.0,2365.0,2365.0,0.0,-6.0,-1.0,433,stop,range_forming,wddrb_high,asia_low
2017-02-23 15:55:00+00:00,2017-02-23 16:05:00+00:00,LONG,2356.5,2355.0,2355.0,2366.75,-1.5,-1.0,2,stop,breakout,wddrb_low,wddrb_high
2017-02-23 20:50:00+00:00,2017-02-26 23:00:00+00:00,SHORT,2360.75,2366.75,2366.75,0.0,-6.0,-1.0,284,stop,breakout,wddrb_high,asia_low
2017-02-27 01:15:00+00:00,2017-02-27 02:10:00+00:00,SHORT,2364.25,2365.75,2365.75,0.0,-1.5,-1.0,11,stop,range_forming,wddrb_high,asia_low
2017-02-27 08:20:00+00:00,2017-03-21 15:15:00+00:00,LONG,2369.5,2351.5,2351.5,2423.5,-18.0,-1.0,4450,stop,range_forming,wddrb_low,min_rr
2017-03-21 19:05:00+00:00,2017-03-21 19:40:00+00:00,LONG,2347.0,2340.25,2340.25,2378.75,-6.75,-1.0,7,stop,breakout,wddrb_low,wddrb_high
2017-03-21 23:45:00+00:00,2017-04-25 13:00:00+00:00,SHORT,2338.5,2378.75,2378.75,0.0,-40.25,-1.0,6438,stop,range_forming,wddrb_high,asia_low
2017-04-26 00:25:00+00:00,2017-04-26 14:50:00+00:00,SHORT,2384.5,2389.25,2389.25,0.0,-4.75,-1.0,173,stop,breakout,wddrb_high,asia_low
2017-04-26 18:40:00+00:00,2017-05-05 19:55:00+00:00,SHORT,2391.25,2394.75,2394.75,0.0,-3.5,-1.0,1927,stop,breakout,wddrb_high,asia_low
2017-05-07 23:10:00+00:00,2017-05-09 12:20:00+00:00,SHORT,2397.75,2398.25,2398.25,0.0,-0.5,-1.0,431,stop,range_forming,intraday_high,asia_low
2017-05-09 15:15:00+00:00,2017-05-09 15:20:00+00:00,LONG,2395.75,2395.5,2395.5,2400.0,-0.25,-1.0,1,stop,breakout,wddrb_low,wddrb_high
2017-05-09 17:20:00+00:00,2017-05-09 17:25:00+00:00,LONG,2394.5,2394.25,2394.25,2400.0,-0.25,-1.0,1,stop,breakout,wddrb_low,wddrb_high
2017-05-09 19:30:00+00:00,2017-05-15 14:15:00+00:00,SHORT,2393.0,2400.0,2400.0,0.0,-7.0,-1.0,1029,stop,breakout,wddrb_high,asia_low
2017-05-16 12:10:00+00:00,2017-05-16 22:25:00+00:00,LONG,2400.25,2392.25,2392.25,2424.25,-8.0,-1.0,108,stop,breakout,wddrb_low,min_rr
2017-05-17 00:30:00+00:00,2017-05-25 01:20:00+00:00,SHORT,2382.0,2404.5,2404.5,0.0,-22.5,-1.0,1648,stop,range_forming,wddrb_high,prior_day_low
2017-05-25 04:40:00+00:00,2017-05-25 04:45:00+00:00,SHORT,2409.0,2409.25,2409.25,0.0,-0.25,-1.0,1,stop,breakout,intraday_high,prior_day_low
2017-05-25 07:50:00+00:00,2017-05-25 09:30:00+00:00,SHORT,2409.75,2410.25,2410.25,0.0,-0.5,-1.0,20,stop,range_forming,intraday_high,prior_day_low
2017-05-25 12:40:00+00:00,2017-05-25 12:45:00+00:00,SHORT,2408.0,2408.25,2408.25,0.0,-0.25,-1.0,1,stop,range_forming,intraday_high,asia_low
2017-05-25 14:40:00+00:00,2017-05-25 14:45:00+00:00,SHORT,2413.25,2414.5,2414.5,0.0,-1.25,-1.0,1,stop,breakout,wddrb_high,asia_low
2017-05-25 16:40:00+00:00,2017-05-25 18:35:00+00:00,SHORT,2414.75,2416.5,2416.5,0.0,-1.75,-1.0,23,stop,breakout,wddrb_high,asia_low
2017-05-26 00:50:00+00:00,2017-06-01 15:50:00+00:00,SHORT,2411.75,2417.75,2417.75,0.0,-6.0,-1.0,1227,stop,range_forming,wddrb_high,prior_day_low
2017-06-02 05:20:00+00:00,2017-06-02 05:35:00+00:00,SHORT,2435.25,2435.5,2435.5,0.0,-0.25,-1.0,3,stop,breakout,intraday_high,prior_day_low
2017-06-02 12:30:00+00:00,2017-06-02 15:35:00+00:00,SHORT,2431.75,2434.75,2434.75,0.0,-3.0,-1.0,37,stop,range_forming,intraday_high,asia_low
2017-06-02 17:55:00+00:00,2017-06-02 19:35:00+00:00,SHORT,2438.0,2439.0,2439.0,0.0,-1.0,-1.0,20,stop,breakout,wddrb_high,asia_low
2017-06-05 11:55:00+00:00,2017-06-09 13:45:00+00:00,SHORT,2434.5,2439.75,2439.75,0.0,-5.25,-1.0,1114,stop,breakout,wddrb_high,prior_day_low
2017-06-09 16:30:00+00:00,2017-06-09 16:35:00+00:00,LONG,2437.0,2436.25,2436.25,2445.75,-0.75,-1.0,1,stop,breakout,wddrb_low,wddrb_high
2017-06-11 23:00:00+00:00,2017-06-28 08:15:00+00:00,LONG,2428.75,2414.75,2414.75,2470.75,-14.0,-1.0,3387,stop,range_forming,wddrb_low,min_rr
2017-06-28 11:35:00+00:00,2017-06-28 15:50:00+00:00,SHORT,2423.75,2437.0,2437.0,0.0,-13.25,-1.0,51,stop,breakout,wddrb_high,prior_day_low
2017-06-28 19:45:00+00:00,2017-06-28 20:45:00+00:00,SHORT,2438.5,2440.5,2440.5,0.0,-2.0,-1.0,9,stop,breakout,wddrb_high,asia_low
2017-06-29 13:30:00+00:00,2017-06-29 13:35:00+00:00,LONG,2436.5,2435.75,2435.75,2440.5,-0.75,-1.0,1,stop,range_forming,wddrb_low,wddrb_high
2017-06-29 15:30:00+00:00,2017-06-29 15:55:00+00:00,LONG,2420.75,2416.0,2416.0,2440.5,-4.75,-1.0,5,stop,breakout,wddrb_low,wddrb_high
2017-06-29 18:55:00+00:00,2017-07-12 13:45:00+00:00,SHORT,2417.25,2440.5,2440.5,0.0,-23.25,-1.0,2308,stop,breakout,wddrb_high,asia_low
2017-07-12 15:40:00+00:00,2017-07-12 18:15:00+00:00,SHORT,2439.0,2442.75,2442.75,0.0,-3.75,-1.0,31,stop,range_forming,wddrb_high,asia_low
2017-07-12 22:25:00+00:00,2017-07-13 07:05:00+00:00,SHORT,2441.0,2443.75,2443.75,0.0,-2.75,-1.0,104,stop,range_forming,wddrb_high,asia_low
2017-07-13 12:40:00+00:00,2017-07-13 13:35:00+00:00,SHORT,2442.25,2443.75,2443.75,0.0,-1.5,-1.0,11,stop,range_forming,wddrb_high,asia_low
2017-07-14 04:50:00+00:00,2017-07-14 12:30:00+00:00,SHORT,2445.25,2447.0,2447.0,0.0,-1.75,-1.0,92,stop,breakout,wddrb_high,prior_day_low
2017-07-17 02:10:00+00:00,2017-08-10 16:30:00+00:00,LONG,2457.0,2444.25,2444.25,2495.25,-12.75,-1.0,5086,stop,breakout,wddrb_low,min_rr
2017-08-10 18:45:00+00:00,2017-08-14 14:35:00+00:00,SHORT,2450.25,2463.0,2463.0,0.0,-12.75,-1.0,496,stop,breakout,wddrb_high,asia_low
2017-08-14 20:30:00+00:00,2017-08-14 23:50:00+00:00,SHORT,2464.25,2466.5,2466.5,2454.0,-2.25,-1.0,28,stop,range_forming,wddrb_high,wddrb_low
2017-08-15 10:00:00+00:00,2017-08-15 10:10:00+00:00,SHORT,2468.0,2468.25,2468.25,0.0,-0.25,-1.0,2,stop,breakout,intraday_high,prior_day_low
2017-08-15 12:45:00+00:00,2017-08-17 14:10:00+00:00,LONG,2467.75,2454.0,2454.0,2509.0,-13.75,-1.0,563,stop,range_forming,wddrb_low,min_rr
2017-08-17 19:00:00+00:00,2017-08-31 09:55:00+00:00,SHORT,2437.75,2464.0,2464.0,0.0,-26.25,-1.0,2621,stop,breakout,wddrb_high,asia_low
2017-08-31 12:30:00+00:00,2017-09-29 19:55:00+00:00,LONG,2461.25,2516.75,2442.75,2516.75,55.5,3.0,5775,target,range_forming,wddrb_low,min_rr
2017-10-02 02:35:00+00:00,2017-10-02 02:40:00+00:00,SHORT,2518.5,2518.75,2518.75,0.0,-0.25,-1.0,1,stop,breakout,intraday_high,prior_day_low
2017-10-02 04:50:00+00:00,2017-10-18 10:50:00+00:00,LONG,2518.75,2560.75,2504.75,2560.75,42.0,3.0,3348,target,breakout,wddrb_low,min_rr
2017-10-18 17:50:00+00:00,2017-10-18 18:00:00+00:00,SHORT,2561.25,2561.75,2561.75,0.0,-0.5,-1.0,2,stop,range_forming,wddrb_high,asia_low
2017-10-18 22:30:00+00:00,2017-10-20 01:40:00+00:00,SHORT,2559.5,2562.0,2562.0,0.0,-2.5,-1.0,311,stop,range_forming,wddrb_high,asia_low
2017-10-20 03:35:00+00:00,2017-10-20 03:40:00+00:00,SHORT,2568.25,2568.5,2568.5,0.0,-0.25,-1.0,1,stop,breakout,intraday_high,prior_day_low
2017-10-20 05:35:00+00:00,2017-10-20 05:45:00+00:00,SHORT,2566.75,2567.25,2567.25,0.0,-0.5,-1.0,2,stop,breakout,intraday_high,prior_day_low
2017-10-20 07:55:00+00:00,2017-10-20 08:00:00+00:00,SHORT,2566.75,2567.0,2567.0,0.0,-0.25,-1.0,1,stop,range_forming,intraday_high,prior_day_low
2017-10-20 12:25:00+00:00,2017-10-20 12:30:00+00:00,SHORT,2565.75,2566.0,2566.0,0.0,-0.25,-1.0,1,stop,breakout,intraday_high,prior_day_low
2017-10-20 15:20:00+00:00,2017-10-20 16:20:00+00:00,SHORT,2567.25,2569.5,2569.5,0.0,-2.25,-1.0,12,stop,range_forming,wddrb_high,asia_low
2017-10-20 18:55:00+00:00,2017-10-20 19:00:00+00:00,SHORT,2571.25,2571.75,2571.75,0.0,-0.5,-1.0,1,stop,breakout,intraday_high,asia_low
2017-10-22 22:30:00+00:00,2017-10-23 19:15:00+00:00,LONG,2575.5,2566.0,2566.0,2604.0,-9.5,-1.0,249,stop,range_forming,wddrb_low,min_rr
2017-10-23 23:30:00+00:00,2017-10-27 15:45:00+00:00,SHORT,2565.0,2576.75,2576.75,0.0,-11.75,-1.0,1014,stop,range_forming,wddrb_high,asia_low
2017-10-29 22:55:00+00:00,2017-11-01 07:10:00+00:00,SHORT,2575.75,2580.75,2580.75,0.0,-5.0,-1.0,645,stop,range_forming,wddrb_high,asia_low
2017-11-01 10:30:00+00:00,2017-11-02 00:15:00+00:00,LONG,2583.75,2569.0,2569.0,2628.0,-14.75,-1.0,150,stop,breakout,wddrb_low,min_rr
2017-11-02 02:30:00+00:00,2017-11-02 14:05:00+00:00,LONG,2570.25,2568.5,2568.5,2585.5,-1.75,-1.0,139,stop,breakout,intraday_low,wddrb_high
2017-11-03 12:00:00+00:00,2017-11-03 12:15:00+00:00,SHORT,2578.25,2578.5,2578.5,0.0,-0.25,-1.0,3,stop,breakout,intraday_high,prior_day_low
2017-11-03 16:45:00+00:00,2017-11-03 17:00:00+00:00,SHORT,2582.0,2582.5,2582.5,0.0,-0.5,-1.0,3,stop,breakout,wddrb_high,asia_low
2017-11-05 23:35:00+00:00,2017-11-09 16:45:00+00:00,LONG,2583.75,2573.5,2573.5,2614.5,-10.25,-1.0,1013,stop,range_forming,wddrb_low,min_rr
2017-11-09 19:15:00+00:00,2017-11-09 20:55:00+00:00,SHORT,2578.0,2583.75,2583.75,0.0,-5.75,-1.0,20,stop,breakout,wddrb_high,asia_low
2017-11-10 01:30:00+00:00,2017-11-10 01:35:00+00:00,SHORT,2583.75,2584.0,2584.0,0.0,-0.25,-1.0,1,stop,breakout,intraday_high,prior_day_low
2017-11-10 13:05:00+00:00,2017-11-15 10:20:00+00:00,LONG,2576.5,2563.25,2563.25,2616.25,-13.25,-1.0,786,stop,breakout,wddrb_low,min_rr
2017-11-16 13:55:00+00:00,2017-11-29 10:55:00+00:00,LONG,2573.5,2627.5,2555.5,2627.5,54.0,3.0,2334,target,range_forming,wddrb_low,min_rr
2017-11-29 14:30:00+00:00,2017-11-29 14:40:00+00:00,SHORT,2627.5,2629.25,2629.25,0.0,-1.75,-1.0,2,stop,range_forming,wddrb_high,asia_low
2017-11-29 17:05:00+00:00,2017-11-30 14:05:00+00:00,SHORT,2622.0,2634.25,2634.25,0.0,-12.25,-1.0,237,stop,breakout,wddrb_high,asia_low
2017-12-01 06:45:00+00:00,2017-12-03 23:00:00+00:00,SHORT,2642.25,2658.5,2658.5,0.0,-16.25,-1.0,180,stop,breakout,wddrb_high,prior_day_low
2017-12-04 01:30:00+00:00,2017-12-04 01:35:00+00:00,SHORT,2659.5,2660.0,2660.0,0.0,-0.5,-1.0,1,stop,range_forming,intraday_high,prior_day_low
2017-12-04 17:55:00+00:00,2017-12-12 15:50:00+00:00,SHORT,2655.5,2665.25,2665.25,0.0,-9.75,-1.0,1613,stop,breakout,wddrb_high,asia_low
2017-12-13 05:05:00+00:00,2017-12-13 05:10:00+00:00,LONG,2660.75,2660.5,2660.5,2670.25,-0.25,-1.0,1,stop,breakout,wddrb_low,wddrb_high
2017-12-13 16:55:00+00:00,2017-12-14 08:00:00+00:00,SHORT,2671.75,2672.5,2672.5,0.0,-0.75,-1.0,166,stop,breakout,wddrb_high,asia_low
2017-12-14 10:40:00+00:00,2017-12-15 15:15:00+00:00,SHORT,2672.0,2672.5,2672.5,0.0,-0.5,-1.0,328,stop,breakout,wddrb_high,prior_day_low
2017-12-15 17:10:00+00:00,2017-12-15 17:25:00+00:00,SHORT,2676.25,2678.25,2678.25,0.0,-2.0,-1.0,3,stop,breakout,wddrb_high,asia_low
2017-12-15 19:45:00+00:00,2017-12-15 19:50:00+00:00,SHORT,2681.25,2681.5,2681.5,0.0,-0.25,-1.0,1,stop,breakout,intraday_high,asia_low
2017-12-18 07:05:00+00:00,2017-12-18 07:10:00+00:00,SHORT,2689.25,2689.5,2689.5,0.0,-0.25,-1.0,1,stop,range_forming,intraday_high,prior_day_low
2017-12-18 17:10:00+00:00,2017-12-19 08:45:00+00:00,SHORT,2697.75,2698.0,2698.0,0.0,-0.25,-1.0,172,stop,range_forming,wddrb_high,asia_low
2017-12-19 11:45:00+00:00,2017-12-19 14:45:00+00:00,LONG,2696.0,2691.5,2691.5,2709.5,-4.5,-1.0,36,stop,range_forming,wddrb_low,min_rr
2017-12-19 17:55:00+00:00,2017-12-29 12:20:00+00:00,SHORT,2688.25,2697.5,2697.5,0.0,-9.25,-1.0,1844,stop,breakout,wddrb_high,asia_low
2017-12-29 16:15:00+00:00,2018-01-02 20:45:00+00:00,SHORT,2683.75,2694.0,2694.0,0.0,-10.25,-1.0,327,stop,breakout,wddrb_high,asia_low
2018-01-03 04:00:00+00:00,2018-01-03 04:05:00+00:00,SHORT,2696.0,2696.25,2696.25,0.0,-0.25,-1.0,1,stop,breakout,intraday_high,prior_day_low
2018-01-03 17:25:00+00:00,2018-01-03 17:30:00+00:00,SHORT,2708.25,2708.5,2708.5,0.0,-0.25,-1.0,1,stop,breakout,wddrb_high,asia_low
2018-01-03 20:20:00+00:00,2018-01-03 20:30:00+00:00,SHORT,2711.25,2712.5,2712.5,0.0,-1.25,-1.0,2,stop,breakout,wddrb_high,asia_low
2018-01-03 23:50:00+00:00,2018-01-04 05:50:00+00:00,SHORT,2710.0,2714.25,2714.25,0.0,-4.25,-1.0,72,stop,range_forming,wddrb_high,asia_low
2018-01-04 08:25:00+00:00,2018-01-04 08:30:00+00:00,SHORT,2714.0,2714.25,2714.25,0.0,-0.25,-1.0,1,stop,range_forming,wddrb_high,prior_day_low
2018-01-04 19:15:00+00:00,2018-01-05 09:30:00+00:00,SHORT,2726.75,2729.0,2729.0,0.0,-2.25,-1.0,156,stop,breakout,wddrb_high,asia_low
2018-01-05 16:25:00+00:00,2018-01-05 18:45:00+00:00,SHORT,2733.75,2734.75,2734.75,0.0,-1.0,-1.0,28,stop,breakout,wddrb_high,asia_low
2018-01-08 01:25:00+00:00,2018-01-08 01:30:00+00:00,SHORT,2745.75,2746.25,2746.25,0.0,-0.5,-1.0,1,stop,breakout,intraday_high,asia_low
2018-01-08 05:25:00+00:00,2018-01-08 05:30:00+00:00,SHORT,2744.5,2744.75,2744.75,0.0,-0.25,-1.0,1,stop,breakout,intraday_high,prior_day_low
2018-01-09 08:05:00+00:00,2018-01-09 08:35:00+00:00,SHORT,2747.25,2748.5,2748.5,0.0,-1.25,-1.0,6,stop,range_forming,wddrb_high,prior_day_low
2018-01-09 13:40:00+00:00,2018-01-10 14:50:00+00:00,LONG,2751.0,2737.0,2737.0,2793.0,-14.0,-1.0,287,stop,range_forming,wddrb_low,min_rr
2018-01-10 23:50:00+00:00,2018-01-11 00:35:00+00:00,SHORT,2750.25,2751.75,2751.75,0.0,-1.5,-1.0,9,stop,range_forming,wddrb_high,asia_low
2018-01-11 07:00:00+00:00,2018-01-11 07:35:00+00:00,SHORT,2753.25,2753.75,2753.75,0.0,-0.5,-1.0,7,stop,range_forming,intraday_high,prior_day_low
2018-01-11 19:35:00+00:00,2018-01-11 20:20:00+00:00,SHORT,2762.5,2765.5,2765.5,0.0,-3.0,-1.0,9,stop,breakout,wddrb_high,asia_low
2018-01-12 04:25:00+00:00,2018-01-12 04:30:00+00:00,SHORT,2768.5,2768.75,2768.75,0.0,-0.25,-1.0,1,stop,breakout,intraday_high,prior_day_low
2018-01-12 12:25:00+00:00,2018-01-12 12:35:00+00:00,SHORT,2774.25,2774.75,2774.75,0.0,-0.5,-1.0,2,stop,breakout,intraday_high,prior_day_low
2018-01-12 14:35:00+00:00,2018-01-12 14:40:00+00:00,SHORT,2772.75,2774.0,2774.0,0.0,-1.25,-1.0,1,stop,range_forming,wddrb_high,asia_low
2018-01-12 21:55:00+00:00,2018-01-14 23:00:00+00:00,SHORT,2789.25,2789.5,2789.5,0.0,-0.25,-1.0,1,stop,range_forming,intraday_high,asia_low
2018-01-16 00:45:00+00:00,2018-01-16 00:50:00+00:00,LONG,2792.5,2792.25,2792.25,2796.0,-0.25,-1.0,1,stop,range_forming,intraday_low,wddrb_high
2018-01-16 08:25:00+00:00,2018-01-16 09:30:00+00:00,SHORT,2800.0,2801.0,2801.0,0.0,-1.0,-1.0,13,stop,range_forming,intraday_high,prior_day_low
2018-01-16 20:00:00+00:00,2018-01-17 20:00:00+00:00,SHORT,2780.0,2808.5,2808.5,0.0,-28.5,-1.0,273,stop,breakout,wddrb_high,asia_low
2018-01-18 04:20:00+00:00,2018-01-19 19:30:00+00:00,SHORT,2807.0,2809.5,2809.5,0.0,-2.5,-1.0,455,stop,breakout,wddrb_high,prior_day_low
2018-01-21 23:05:00+00:00,2018-01-22 14:45:00+00:00,SHORT,2807.0,2812.75,2812.75,0.0,-5.75,-1.0,188,stop,range_forming,wddrb_high,asia_low
2018-01-23 10:50:00+00:00,2018-01-23 10:55:00+00:00,SHORT,2838.0,2838.25,2838.25,0.0,-0.25,-1.0,1,stop,breakout,intraday_high,prior_day_low
2018-01-23 15:35:00+00:00,2018-01-23 15:55:00+00:00,SHORT,2839.25,2841.5,2841.5,0.0,-2.25,-1.0,4,stop,range_forming,wddrb_high,asia_low
2018-01-23 19:00:00+00:00,2018-01-24 08:35:00+00:00,SHORT,2841.5,2844.75,2844.75,0.0,-3.25,-1.0,148,stop,breakout,wddrb_high,asia_low
2018-01-24 11:20:00+00:00,2018-01-24 17:35:00+00:00,LONG,2845.25,2832.0,2832.0,2885.0,-13.25,-1.0,75,stop,breakout,wddrb_low,min_rr
2018-01-25 03:15:00+00:00,2018-01-26 15:40:00+00:00,SHORT,2839.5,2855.25,2855.25,0.0,-15.75,-1.0,422,stop,range_forming,wddrb_high,prior_day_low
2018-01-26 18:20:00+00:00,2018-01-26 18:45:00+00:00,SHORT,2859.5,2861.25,2861.25,0.0,-1.75,-1.0,5,stop,breakout,wddrb_high,asia_low
2018-01-28 23:15:00+00:00,2018-01-28 23:20:00+00:00,SHORT,2875.25,2875.5,2875.5,0.0,-0.25,-1.0,1,stop,range_forming,intraday_high,asia_low
2018-01-29 06:05:00+00:00,2018-01-29 06:45:00+00:00,SHORT,2872.25,2873.25,2873.25,0.0,-1.0,-1.0,8,stop,breakout,wddrb_high,prior_day_low
2018-01-29 08:45:00+00:00,2018-08-21 16:30:00+00:00,SHORT,2868.75,2873.25,2873.25,0.0,-4.5,-1.0,39498,stop,range_forming,wddrb_high,prior_day_low
2018-08-22 00:05:00+00:00,2018-08-22 00:10:00+00:00,LONG,2847.5,2847.0,2847.0,2874.0,-0.5,-1.0,1,stop,range_forming,intraday_low,wddrb_high
2018-08-22 04:05:00+00:00,2018-08-24 14:45:00+00:00,SHORT,2856.0,2874.0,2874.0,0.0,-18.0,-1.0,674,stop,breakout,wddrb_high,prior_day_low
2018-08-24 18:10:00+00:00,2018-08-24 20:10:00+00:00,SHORT,2875.25,2877.25,2877.25,0.0,-2.0,-1.0,24,stop,breakout,wddrb_high,asia_low
2018-08-27 01:25:00+00:00,2018-08-27 01:35:00+00:00,SHORT,2881.75,2882.75,2882.75,0.0,-1.0,-1.0,2,stop,range_forming,intraday_high,prior_day_low
2018-08-27 07:35:00+00:00,2018-09-20 17:00:00+00:00,LONG,2882.5,2938.0,2864.0,2938.0,55.5,3.0,4983,target,range_forming,wddrb_low,min_rr
2018-09-21 03:30:00+00:00,2018-09-21 03:35:00+00:00,SHORT,2941.0,2941.25,2941.25,0.0,-0.25,-1.0,1,stop,range_forming,intraday_high,prior_day_low
2018-09-21 12:25:00+00:00,2018-09-21 12:40:00+00:00,SHORT,2938.75,2940.75,2940.75,0.0,-2.0,-1.0,3,stop,breakout,wddrb_high,prior_day_low
2018-09-21 19:10:00+00:00,2018-09-21 19:15:00+00:00,LONG,2937.75,2935.75,2935.75,2946.5,-2.0,-1.0,1,stop,breakout,wddrb_low,wddrb_high
2018-09-23 23:20:00+00:00,2019-04-29 08:10:00+00:00,SHORT,2927.25,2946.5,2946.5,0.0,-19.25,-1.0,41236,stop,range_forming,wddrb_high,asia_low
2019-04-29 13:35:00+00:00,2019-04-29 13:40:00+00:00,SHORT,2944.75,2946.0,2946.0,0.0,-1.25,-1.0,1,stop,range_forming,wddrb_high,asia_low
2019-04-30 02:50:00+00:00,2019-04-30 02:55:00+00:00,LONG,2941.0,2940.5,2940.5,2951.5,-0.5,-1.0,1,stop,breakout,intraday_low,wddrb_high
2019-04-30 06:05:00+00:00,2019-04-30 06:10:00+00:00,LONG,2939.25,2939.0,2939.0,2951.5,-0.25,-1.0,1,stop,range_forming,intraday_low,wddrb_high
2019-04-30 11:50:00+00:00,2019-04-30 12:40:00+00:00,LONG,2942.5,2941.0,2941.0,2947.0,-1.5,-1.0,10,stop,breakout,wddrb_low,min_rr
2019-04-30 14:50:00+00:00,2019-04-30 17:00:00+00:00,SHORT,2936.25,2941.75,2941.75,0.0,-5.5,-1.0,26,stop,range_forming,wddrb_high,asia_low
2019-05-01 11:00:00+00:00,2019-05-01 11:05:00+00:00,SHORT,2955.75,2956.25,2956.25,0.0,-0.5,-1.0,1,stop,breakout,intraday_high,prior_day_low
2019-05-01 16:35:00+00:00,2019-05-01 18:05:00+00:00,SHORT,2946.75,2956.0,2956.0,0.0,-9.25,-1.0,18,stop,breakout,wddrb_high,asia_low
2019-05-01 23:15:00+00:00,2019-06-20 08:40:00+00:00,SHORT,2921.0,2956.0,2956.0,0.0,-35.0,-1.0,9624,stop,range_forming,wddrb_high,asia_low
2019-06-20 11:00:00+00:00,2019-06-26 20:50:00+00:00,LONG,2957.5,2915.25,2915.25,3084.25,-42.25,-1.0,1207,stop,breakout,wddrb_low,min_rr
2019-06-26 23:45:00+00:00,2019-06-27 22:00:00+00:00,SHORT,2918.0,2936.75,2936.75,0.0,-18.75,-1.0,252,stop,range_forming,wddrb_high,asia_low
2019-06-28 05:10:00+00:00,2019-06-28 05:40:00+00:00,SHORT,2931.75,2933.5,2933.5,0.0,-1.75,-1.0,6,stop,breakout,wddrb_high,prior_day_low
2019-06-28 12:00:00+00:00,2019-07-03 08:05:00+00:00,LONG,2937.5,2984.0,2922.0,2984.0,46.5,3.0,772,target,breakout,wddrb_low,min_rr
2019-07-03 10:30:00+00:00,2019-07-31 18:50:00+00:00,LONG,2987.5,2958.5,2958.5,3074.5,-29.0,-1.0,5473,stop,breakout,wddrb_low,min_rr
2019-07-31 22:00:00+00:00,2019-07-31 22:05:00+00:00,LONG,2969.75,2968.25,2968.25,3018.5,-1.5,-1.0,1,stop,range_forming,intraday_low,wddrb_high
2019-08-01 00:05:00+00:00,2019-08-01 00:10:00+00:00,LONG,2972.5,2971.0,2971.0,3018.5,-1.5,-1.0,1,stop,range_forming,intraday_low,wddrb_high
2019-08-01 02:05:00+00:00,2019-08-01 02:10:00+00:00,LONG,2983.0,2982.75,2982.75,3018.5,-0.25,-1.0,1,stop,breakout,intraday_low,wddrb_high
2019-08-01 04:05:00+00:00,2019-08-01 04:10:00+00:00,LONG,2983.75,2983.5,2983.5,3018.5,-0.25,-1.0,1,stop,breakout,intraday_low,wddrb_high
2019-08-01 09:00:00+00:00,2019-09-11 23:25:00+00:00,SHORT,2983.75,3018.5,3018.5,0.0,-34.75,-1.0,8030,stop,range_forming,wddrb_high,prior_day_low
2019-09-12 07:55:00+00:00,2019-09-12 08:30:00+00:00,SHORT,3008.75,3009.25,3009.25,0.0,-0.5,-1.0,7,stop,range_forming,intraday_high,prior_day_low
2019-09-12 10:25:00+00:00,2019-09-12 11:35:00+00:00,SHORT,3004.5,3007.5,3007.5,0.0,-3.0,-1.0,14,stop,breakout,intraday_high,prior_day_low
2019-09-12 13:40:00+00:00,2019-09-12 13:45:00+00:00,LONG,3005.75,3005.25,3005.25,3013.75,-0.5,-1.0,1,stop,range_forming,wddrb_low,wddrb_high
2019-09-12 17:25:00+00:00,2019-09-13 10:45:00+00:00,SHORT,3017.75,3021.75,3021.75,0.0,-4.0,-1.0,193,stop,range_forming,wddrb_high,asia_low
2019-09-13 13:30:00+00:00,2019-09-13 13:40:00+00:00,LONG,3012.0,3015.75,3011.25,3015.75,3.75,5.0,2,target,range_forming,wddrb_low,wddrb_high
2019-09-13 15:35:00+00:00,2019-09-19 13:35:00+00:00,SHORT,3012.75,3018.75,3018.75,0.0,-6.0,-1.0,1068,stop,breakout,wddrb_high,asia_low
2019-09-19 16:25:00+00:00,2019-09-19 17:30:00+00:00,LONG,3014.75,3013.0,3013.0,3024.5,-1.75,-1.0,13,stop,breakout,wddrb_low,wddrb_high
2019-09-19 19:30:00+00:00,2019-09-19 19:35:00+00:00,LONG,3008.25,3008.0,3008.0,3024.5,-0.25,-1.0,1,stop,breakout,wddrb_low,wddrb_high
2019-09-19 23:30:00+00:00,2019-10-25 15:25:00+00:00,SHORT,3011.0,3024.5,3024.5,0.0,-13.5,-1.0,7016,stop,range_forming,wddrb_high,asia_low
2019-10-27 22:15:00+00:00,2019-10-28 07:45:00+00:00,SHORT,3025.5,3026.5,3026.5,0.0,-1.0,-1.0,114,stop,range_forming,wddrb_high,asia_low
2019-10-28 10:15:00+00:00,2019-10-28 10:20:00+00:00,SHORT,3026.25,3026.5,3026.5,0.0,-0.25,-1.0,1,stop,breakout,wddrb_high,prior_day_low
2019-10-28 12:55:00+00:00,2019-11-19 08:40:00+00:00,LONG,3033.25,3129.25,3001.25,3129.25,96.0,3.0,4293,target,range_forming,wddrb_low,min_rr
2019-11-19 13:15:00+00:00,2019-11-19 23:55:00+00:00,LONG,3129.75,3111.0,3111.0,3186.0,-18.75,-1.0,113,stop,breakout,wddrb_low,min_rr
2019-11-20 05:05:00+00:00,2019-11-25 15:05:00+00:00,SHORT,3114.25,3128.0,3128.0,0.0,-13.75,-1.0,940,stop,range_forming,wddrb_high,prior_day_low
2019-11-25 20:30:00+00:00,2019-11-25 20:50:00+00:00,SHORT,3131.25,3132.75,3132.75,0.0,-1.5,-1.0,4,stop,breakout,wddrb_high,asia_low
2019-11-26 11:35:00+00:00,2019-11-26 11:40:00+00:00,SHORT,3133.25,3133.5,3133.5,0.0,-0.25,-1.0,1,stop,breakout,wddrb_high,prior_day_low
2019-11-26 14:30:00+00:00,2019-11-26 14:45:00+00:00,SHORT,3132.25,3134.25,3134.25,0.0,-2.0,-1.0,3,stop,range_forming,wddrb_high,asia_low
2019-11-27 00:05:00+00:00,2019-11-27 00:15:00+00:00,SHORT,3143.0,3144.5,3144.5,0.0,-1.5,-1.0,2,stop,range_forming,intraday_high,asia_low
2019-11-27 02:35:00+00:00,2019-11-27 02:40:00+00:00,SHORT,3144.0,3144.25,3144.25,0.0,-0.25,-1.0,1,stop,range_forming,intraday_high,prior_day_low
2019-11-27 14:15:00+00:00,2019-11-27 14:20:00+00:00,SHORT,3146.0,3146.25,3146.25,0.0,-0.25,-1.0,1,stop,range_forming,intraday_high,asia_low
2019-11-27 23:35:00+00:00,2019-11-28 00:45:00+00:00,LONG,3144.0,3142.25,3142.25,3153.75,-1.75,-1.0,14,stop,range_forming,wddrb_low,wddrb_high
2019-11-28 07:20:00+00:00,2019-12-02 00:20:00+00:00,SHORT,3146.0,3153.75,3153.75,0.0,-7.75,-1.0,375,stop,range_forming,wddrb_high,prior_day_low
2019-12-02 07:25:00+00:00,2019-12-02 07:40:00+00:00,SHORT,3150.75,3151.5,3151.5,0.0,-0.75,-1.0,3,stop,range_forming,intraday_high,prior_day_low
2019-12-02 11:50:00+00:00,2019-12-06 16:35:00+00:00,SHORT,3148.0,3150.25,3150.25,0.0,-2.25,-1.0,1149,stop,breakout,wddrb_high,prior_day_low
2019-12-09 00:50:00+00:00,2019-12-09 14:40:00+00:00,LONG,3140.75,3147.5,3138.5,3147.5,6.75,3.0,166,target,range_forming,wddrb_low,min_rr
2019-12-09 18:05:00+00:00,2019-12-12 09:10:00+00:00,SHORT,3142.5,3149.5,3149.5,0.0,-7.0,-1.0,712,stop,breakout,wddrb_high,asia_low
2019-12-12 14:00:00+00:00,2019-12-12 14:35:00+00:00,SHORT,3142.0,3144.5,3144.5,0.0,-2.5,-1.0,7,stop,range_forming,wddrb_high,asia_low
2019-12-12 20:25:00+00:00,2019-12-12 23:00:00+00:00,SHORT,3168.75,3177.5,3177.5,0.0,-8.75,-1.0,16,stop,range_forming,wddrb_high,asia_low
2019-12-13 18:05:00+00:00,2019-12-16 02:00:00+00:00,SHORT,3171.5,3184.0,3184.0,0.0,-12.5,-1.0,80,stop,breakout,wddrb_high,asia_low
2019-12-16 05:30:00+00:00,2019-12-16 05:35:00+00:00,SHORT,3183.75,3184.0,3184.0,0.0,-0.25,-1.0,1,stop,breakout,wddrb_high,prior_day_low
2019-12-16 08:45:00+00:00,2019-12-16 08:50:00+00:00,SHORT,3185.0,3186.5,3186.5,0.0,-1.5,-1.0,1,stop,range_forming,intraday_high,prior_day_low
2019-12-16 14:50:00+00:00,2019-12-16 15:00:00+00:00,SHORT,3195.75,3197.25,3197.25,0.0,-1.5,-1.0,2,stop,range_forming,wddrb_high,asia_low
2019-12-17 01:50:00+00:00,2019-12-17 13:45:00+00:00,LONG,3194.25,3202.5,3191.75,3202.5,8.25,3.3,143,target,breakout,wddrb_low,wddrb_high
2019-12-17 16:50:00+00:00,2019-12-19 16:05:00+00:00,SHORT,3199.0,3203.5,3203.5,0.0,-4.5,-1.0,537,stop,range_forming,wddrb_high,asia_low
2019-12-19 23:35:00+00:00,2019-12-19 23:40:00+00:00,SHORT,3212.75,3213.0,3213.0,0.0,-0.25,-1.0,1,stop,range_forming,intraday_high,asia_low
2019-12-20 07:00:00+00:00,2019-12-26 20:55:00+00:00,LONG,3208.75,3242.5,3197.5,3242.5,33.75,3.0,944,target,range_forming,wddrb_low,min_rr
2019-12-27 00:30:00+00:00,2019-12-27 00:35:00+00:00,SHORT,3245.0,3245.5,3245.5,0.0,-0.5,-1.0,1,stop,range_forming,intraday_high,asia_low
2019-12-27 11:30:00+00:00,2019-12-30 14:40:00+00:00,LONG,3251.75,3229.0,3229.0,3320.0,-22.75,-1.0,311,stop,breakout,wddrb_low,min_rr
2019-12-30 18:40:00+00:00,2020-01-02 07:35:00+00:00,SHORT,3227.75,3243.0,3243.0,0.0,-15.25,-1.0,413,stop,range_forming,wddrb_high,asia_low
2020-01-02 14:40:00+00:00,2020-01-02 14:45:00+00:00,SHORT,3249.5,3250.75,3250.75,0.0,-1.25,-1.0,1,stop,range_forming,wddrb_high,asia_low
2020-01-02 19:55:00+00:00,2020-01-02 20:35:00+00:00,SHORT,3248.25,3251.0,3251.0,0.0,-2.75,-1.0,8,stop,range_forming,wddrb_high,asia_low
2020-01-03 11:50:00+00:00,2020-01-08 16:40:00+00:00,SHORT,3215.25,3258.75,3258.75,0.0,-43.5,-1.0,877,stop,breakout,wddrb_high,prior_day_low
2020-01-08 18:35:00+00:00,2020-01-08 19:55:00+00:00,SHORT,3259.0,3262.0,3262.0,0.0,-3.0,-1.0,16,stop,breakout,wddrb_high,asia_low
2020-01-09 01:05:00+00:00,2020-01-09 07:10:00+00:00,SHORT,3264.25,3267.75,3267.75,3236.0,-3.5,-1.0,73,stop,range_forming,wddrb_high,wddrb_low
2020-01-09 13:25:00+00:00,2020-01-09 13:30:00+00:00,SHORT,3269.75,3270.5,3270.5,0.0,-0.75,-1.0,1,stop,breakout,intraday_high,prior_day_low
2020-01-09 15:30:00+00:00,2020-01-09 15:35:00+00:00,SHORT,3271.5,3274.0,3274.0,0.0,-2.5,-1.0,1,stop,range_forming,wddrb_high,asia_low
2020-01-09 17:30:00+00:00,2020-01-09 19:35:00+00:00,SHORT,3265.75,3275.25,3275.25,0.0,-9.5,-1.0,25,stop,breakout,wddrb_high,asia_low
2020-01-10 00:15:00+00:00,2020-01-10 00:20:00+00:00,SHORT,3278.25,3278.5,3278.5,0.0,-0.25,-1.0,1,stop,range_forming,intraday_high,asia_low
2020-01-10 11:30:00+00:00,2020-01-10 20:30:00+00:00,LONG,3286.25,3264.25,3264.25,3352.25,-22.0,-1.0,108,stop,breakout,wddrb_low,min_rr
2020-01-13 02:20:00+00:00,2020-01-13 17:10:00+00:00,SHORT,3272.25,3283.75,3283.75,0.0,-11.5,-1.0,178,stop,range_forming,wddrb_high,prior_day_low
2020-01-13 20:40:00+00:00,2020-01-13 20:45:00+00:00,SHORT,3284.5,3285.5,3285.5,0.0,-1.0,-1.0,1,stop,breakout,wddrb_high,asia_low
2020-01-14 03:00:00+00:00,2020-01-14 09:50:00+00:00,SHORT,3290.75,3291.5,3291.5,0.0,-0.75,-1.0,82,stop,breakout,intraday_high,prior_day_low
2020-01-14 19:00:00+00:00,2020-01-15 14:55:00+00:00,SHORT,3282.0,3295.0,3295.0,0.0,-13.0,-1.0,224,stop,breakout,wddrb_high,asia_low
2020-01-15 19:15:00+00:00,2020-01-15 23:15:00+00:00,SHORT,3293.75,3299.0,3299.0,0.0,-5.25,-1.0,33,stop,breakout,wddrb_high,asia_low
2020-01-16 07:00:00+00:00,2020-01-24 19:20:00+00:00,LONG,3299.25,3281.25,3281.25,3353.25,-18.0,-1.0,1741,stop,range_forming,wddrb_low,min_rr
2020-01-27 00:15:00+00:00,2020-02-05 19:55:00+00:00,SHORT,3264.75,3332.5,3332.5,0.0,-67.75,-1.0,2147,stop,range_forming,wddrb_high,asia_low
2020-02-06 02:15:00+00:00,2020-02-06 02:20:00+00:00,SHORT,3343.75,3344.75,3344.75,0.0,-1.0,-1.0,1,stop,range_forming,intraday_high,prior_day_low
2020-02-06 05:50:00+00:00,2020-02-06 06:00:00+00:00,SHORT,3353.5,3354.25,3354.25,0.0,-0.75,-1.0,2,stop,breakout,intraday_high,prior_day_low
2020-02-06 09:00:00+00:00,2020-02-06 09:05:00+00:00,SHORT,3349.0,3350.0,3350.0,0.0,-1.0,-1.0,1,stop,range_forming,intraday_high,prior_day_low
2020-02-06 12:05:00+00:00,2020-02-06 12:10:00+00:00,SHORT,3348.5,3349.5,3349.5,0.0,-1.0,-1.0,1,stop,breakout,intraday_high,prior_day_low
2020-02-06 14:05:00+00:00,2020-02-09 23:30:00+00:00,LONG,3344.75,3311.75,3311.75,3443.75,-33.0,-1.0,371,stop,range_forming,wddrb_low,min_rr
2020-02-10 05:15:00+00:00,2020-02-10 08:40:00+00:00,LONG,3325.5,3320.75,3320.75,3339.75,-4.75,-1.0,41,stop,breakout,wddrb_low,min_rr
2020-02-10 13:30:00+00:00,2020-02-10 15:35:00+00:00,SHORT,3325.0,3341.25,3341.25,0.0,-16.25,-1.0,25,stop,range_forming,wddrb_high,asia_low
2020-02-10 20:40:00+00:00,2020-02-10 20:45:00+00:00,SHORT,3346.0,3346.5,3346.5,0.0,-0.5,-1.0,1,stop,breakout,wddrb_high,asia_low
2020-02-11 01:45:00+00:00,2020-02-11 01:50:00+00:00,SHORT,3361.25,3362.25,3362.25,0.0,-1.0,-1.0,1,stop,breakout,intraday_high,prior_day_low
2020-02-11 08:00:00+00:00,2020-02-11 08:05:00+00:00,SHORT,3360.25,3361.75,3361.75,0.0,-1.5,-1.0,1,stop,range_forming,intraday_high,prior_day_low
2020-02-11 13:30:00+00:00,2020-02-23 23:00:00+00:00,LONG,3362.0,3316.25,3316.25,3499.25,-45.75,-1.0,2238,stop,range_forming,wddrb_low,min_rr
2020-02-24 03:55:00+00:00,2020-08-11 02:00:00+00:00,SHORT,3292.5,3360.5,3360.5,0.0,-68.0,-1.0,32571,stop,breakout,wddrb_high,prior_day_low
2020-08-11 06:40:00+00:00,2020-08-11 07:00:00+00:00,SHORT,3359.75,3360.5,3360.5,0.0,-0.75,-1.0,4,stop,range_forming,intraday_high,prior_day_low
2020-08-11 20:00:00+00:00,2020-08-12 15:00:00+00:00,LONG,3325.25,3374.75,3319.5,3374.75,49.5,8.608695652173912,213,target,range_forming,wddrb_low,wddrb_high
2020-08-12 17:55:00+00:00,2020-08-12 18:00:00+00:00,SHORT,3378.25,3378.75,3378.75,0.0,-0.5,-1.0,1,stop,breakout,wddrb_high,asia_low
2020-08-13 03:15:00+00:00,2020-08-17 14:50:00+00:00,SHORT,3371.0,3382.5,3382.5,0.0,-11.5,-1.0,685,stop,breakout,wddrb_high,prior_day_low
2020-08-17 17:20:00+00:00,2020-08-17 23:10:00+00:00,SHORT,3380.25,3382.75,3382.75,0.0,-2.5,-1.0,55,stop,breakout,wddrb_high,asia_low
2020-08-18 03:30:00+00:00,2020-08-18 09:10:00+00:00,SHORT,3380.5,3382.75,3382.75,0.0,-2.25,-1.0,68,stop,breakout,wddrb_high,prior_day_low
2020-08-18 14:25:00+00:00,2020-08-18 14:30:00+00:00,LONG,3367.25,3367.0,3367.0,3390.0,-0.25,-1.0,1,stop,breakout,wddrb_low,wddrb_high
2020-08-19 00:25:00+00:00,2020-08-19 01:05:00+00:00,SHORT,3388.0,3390.75,3390.75,3365.25,-2.75,-1.0,8,stop,breakout,wddrb_high,wddrb_low
2020-08-19 12:25:00+00:00,2020-08-19 23:30:00+00:00,LONG,3386.75,3365.25,3365.25,3451.25,-21.5,-1.0,118,stop,breakout,wddrb_low,min_rr
2020-08-20 01:25:00+00:00,2020-08-20 01:30:00+00:00,LONG,3355.0,3354.0,3354.0,3395.75,-1.0,-1.0,1,stop,breakout,intraday_low,wddrb_high
2020-08-20 08:20:00+00:00,2020-08-21 19:00:00+00:00,SHORT,3351.5,3395.75,3395.75,0.0,-44.25,-1.0,401,stop,breakout,wddrb_high,prior_day_low
2020-08-23 23:00:00+00:00,2020-08-23 23:05:00+00:00,SHORT,3400.25,3400.5,3400.5,0.0,-0.25,-1.0,1,stop,range_forming,intraday_high,asia_low
2020-08-24 01:00:00+00:00,2020-08-26 18:00:00+00:00,LONG,3399.0,3471.75,3374.75,3471.75,72.75,3.0,750,target,range_forming,wddrb_low,min_rr
2020-08-27 02:55:00+00:00,2020-08-27 12:30:00+00:00,SHORT,3471.75,3478.0,3478.0,0.0,-6.25,-1.0,115,stop,breakout,wddrb_high,prior_day_low
2020-08-27 15:00:00+00:00,2020-08-28 02:45:00+00:00,SHORT,3497.0,3498.25,3498.25,0.0,-1.25,-1.0,126,stop,breakout,wddrb_high,asia_low
2020-08-28 12:00:00+00:00,2020-09-03 15:15:00+00:00,LONG,3496.5,3464.75,3464.75,3591.75,-31.75,-1.0,1131,stop,range_forming,wddrb_low,min_rr
2020-09-03 17:15:00+00:00,2020-09-03 18:55:00+00:00,LONG,3455.0,3441.25,3441.25,3563.5,-13.75,-1.0,20,stop,breakout,wddrb_low,wddrb_high
2020-09-03 22:05:00+00:00,2020-09-04 14:10:00+00:00,LONG,3447.75,3424.5,3424.5,3563.5,-23.25,-1.0,193,stop,range_forming,wddrb_low,wddrb_high
2020-09-04 16:15:00+00:00,2020-10-09 20:30:00+00:00,SHORT,3383.0,3477.25,3477.25,0.0,-94.25,-1.0,6828,stop,breakout,wddrb_high,asia_low
2020-10-12 01:20:00+00:00,2020-10-12 01:45:00+00:00,SHORT,3470.25,3474.0,3474.0,0.0,-3.75,-1.0,5,stop,range_forming,wddrb_high,prior_day_low
2020-10-12 03:40:00+00:00,2020-10-15 08:30:00+00:00,LONG,3477.25,3449.5,3449.5,3560.5,-27.75,-1.0,877,stop,breakout,wddrb_low,min_rr
2020-10-15 10:30:00+00:00,2020-11-05 15:15:00+00:00,SHORT,3443.5,3520.25,3520.25,0.0,-76.75,-1.0,4128,stop,breakout,wddrb_high,prior_day_low
2020-11-05 17:20:00+00:00,2020-11-05 23:40:00+00:00,LONG,3491.25,3488.75,3488.75,3522.5,-2.5,-1.0,61,stop,range_forming,wddrb_low,wddrb_high
2020-11-06 01:40:00+00:00,2020-11-08 23:00:00+00:00,SHORT,3493.25,3522.5,3522.5,0.0,-29.25,-1.0,241,stop,range_forming,wddrb_high,prior_day_low
2020-11-09 04:10:00+00:00,2020-11-09 04:35:00+00:00,SHORT,3560.25,3562.75,3562.75,0.0,-2.5,-1.0,5,stop,breakout,intraday_high,prior_day_low
2020-11-09 07:35:00+00:00,2020-11-09 08:05:00+00:00,SHORT,3552.75,3553.0,3553.0,0.0,-0.25,-1.0,6,stop,range_forming,intraday_high,prior_day_low
2020-11-09 14:35:00+00:00,2020-11-09 14:40:00+00:00,LONG,3627.5,3625.5,3625.5,3645.25,-2.0,-1.0,1,stop,range_forming,intraday_low,wddrb_high
2020-11-09 16:50:00+00:00,2020-11-09 19:30:00+00:00,LONG,3598.0,3591.25,3591.25,3645.25,-6.75,-1.0,32,stop,breakout,intraday_low,wddrb_high
2020-11-10 01:05:00+00:00,2020-11-10 01:10:00+00:00,LONG,3543.0,3541.25,3541.25,3645.25,-1.75,-1.0,1,stop,range_forming,wddrb_low,wddrb_high
2020-11-10 05:30:00+00:00,2020-11-10 05:40:00+00:00,LONG,3525.75,3523.0,3523.0,3645.25,-2.75,-1.0,2,stop,breakout,intraday_low,wddrb_high
2020-11-10 09:30:00+00:00,2020-11-25 00:10:00+00:00,SHORT,3552.5,3645.25,3645.25,0.0,-92.75,-1.0,2891,stop,range_forming,wddrb_high,prior_day_low
2020-11-25 07:15:00+00:00,2020-11-25 07:25:00+00:00,SHORT,3636.5,3638.75,3638.75,0.0,-2.25,-1.0,2,stop,range_forming,wddrb_high,prior_day_low
2020-11-25 16:10:00+00:00,2020-11-25 20:25:00+00:00,SHORT,3622.75,3632.0,3632.0,0.0,-9.25,-1.0,51,stop,range_forming,wddrb_high,asia_low
2020-11-26 00:45:00+00:00,2020-11-26 01:30:00+00:00,SHORT,3633.25,3635.0,3635.0,0.0,-1.75,-1.0,9,stop,range_forming,intraday_high,asia_low
2020-11-26 13:00:00+00:00,2020-11-27 06:30:00+00:00,SHORT,3628.0,3632.0,3632.0,0.0,-4.0,-1.0,150,stop,breakout,wddrb_high,prior_day_low
2020-11-27 15:45:00+00:00,2020-11-29 23:00:00+00:00,SHORT,3640.75,3642.75,3642.75,0.0,-2.0,-1.0,30,stop,range_forming,wddrb_high,asia_low
2020-11-30 05:10:00+00:00,2020-12-01 00:35:00+00:00,SHORT,3614.75,3642.75,3642.75,0.0,-28.0,-1.0,218,stop,breakout,wddrb_high,prior_day_low
2020-12-01 04:00:00+00:00,2020-12-01 04:05:00+00:00,SHORT,3655.0,3655.25,3655.25,0.0,-0.25,-1.0,1,stop,breakout,intraday_high,prior_day_low
2020-12-01 08:20:00+00:00,2020-12-01 08:25:00+00:00,SHORT,3653.25,3653.5,3653.5,0.0,-0.25,-1.0,1,stop,range_forming,intraday_high,prior_day_low
2020-12-01 12:45:00+00:00,2021-02-04 20:55:00+00:00,LONG,3660.0,3863.25,3592.25,3863.25,203.25,3.0,12296,target,breakout,wddrb_low,min_rr
2021-02-05 01:55:00+00:00,2021-02-05 02:00:00+00:00,SHORT,3867.75,3868.0,3868.0,0.0,-0.25,-1.0,1,stop,breakout,intraday_high,prior_day_low
2021-02-05 17:50:00+00:00,2021-02-05 17:55:00+00:00,SHORT,3886.0,3887.0,3887.0,0.0,-1.0,-1.0,1,stop,range_forming,wddrb_high,asia_low
2021-02-07 23:50:00+00:00,2021-02-07 23:55:00+00:00,SHORT,3892.75,3893.0,3893.0,0.0,-0.25,-1.0,1,stop,range_forming,intraday_high,asia_low
2021-02-08 02:35:00+00:00,2021-02-22 08:15:00+00:00,LONG,3898.5,3868.5,3868.5,3988.5,-30.0,-1.0,2753,stop,range_forming,wddrb_low,min_rr
2021-02-22 10:15:00+00:00,2021-02-24 21:10:00+00:00,SHORT,3875.25,3927.25,3927.25,0.0,-52.0,-1.0,677,stop,range_forming,wddrb_high,prior_day_low
2021-02-25 04:10:00+00:00,2021-02-25 04:15:00+00:00,SHORT,3929.5,3929.75,3929.75,0.0,-0.25,-1.0,1,stop,breakout,intraday_high,prior_day_low
2021-02-25 07:30:00+00:00,2021-02-25 07:40:00+00:00,SHORT,3925.0,3925.75,3925.75,0.0,-0.75,-1.0,2,stop,range_forming,wddrb_high,prior_day_low
2021-02-25 12:10:00+00:00,2021-03-11 09:00:00+00:00,SHORT,3911.5,3925.75,3925.75,0.0,-14.25,-1.0,2692,stop,breakout,wddrb_high,prior_day_low
2021-03-11 12:30:00+00:00,2021-03-19 13:40:00+00:00,LONG,3922.75,3883.5,3883.5,4040.5,-39.25,-1.0,1652,stop,breakout,wddrb_low,min_rr
2021-03-19 15:55:00+00:00,2021-03-19 16:00:00+00:00,SHORT,3909.25,3912.75,3912.75,0.0,-3.5,-1.0,1,stop,breakout,wddrb_high,asia_low
2021-03-19 17:55:00+00:00,2021-03-19 18:00:00+00:00,SHORT,3914.75,3917.5,3917.5,0.0,-2.75,-1.0,1,stop,breakout,wddrb_high,asia_low
2021-03-22 01:55:00+00:00,2021-03-22 14:00:00+00:00,SHORT,3899.0,3919.5,3919.5,0.0,-20.5,-1.0,145,stop,breakout,wddrb_high,prior_day_low
2021-03-22 16:15:00+00:00,2021-03-22 16:20:00+00:00,SHORT,3930.25,3930.75,3930.75,0.0,-0.5,-1.0,1,stop,breakout,wddrb_high,asia_low
2021-03-22 18:45:00+00:00,2021-03-22 19:00:00+00:00,SHORT,3941.25,3943.75,3943.75,0.0,-2.5,-1.0,3,stop,breakout,wddrb_high,asia_low
2021-03-23 06:05:00+00:00,2021-03-26 19:50:00+00:00,SHORT,3918.75,3944.5,3944.5,0.0,-25.75,-1.0,984,stop,range_forming,wddrb_high,prior_day_low
2021-03-28 23:35:00+00:00,2021-03-29 17:00:00+00:00,SHORT,3953.0,3968.0,3968.0,0.0,-15.0,-1.0,209,stop,range_forming,wddrb_high,asia_low
2021-03-30 00:55:00+00:00,2021-03-31 14:40:00+00:00,SHORT,3958.5,3971.25,3971.25,0.0,-12.75,-1.0,438,stop,breakout,wddrb_high,prior_day_low
2021-03-31 16:40:00+00:00,2021-03-31 17:00:00+00:00,SHORT,3979.5,3980.25,3980.25,0.0,-0.75,-1.0,4,stop,breakout,wddrb_high,asia_low
2021-03-31 20:55:00+00:00,2021-04-01 09:00:00+00:00,SHORT,3966.25,3983.75,3983.75,0.0,-17.5,-1.0,133,stop,range_forming,wddrb_high,asia_low
2021-04-01 11:30:00+00:00,2021-04-01 12:20:00+00:00,SHORT,3980.0,3983.75,3983.75,0.0,-3.75,-1.0,10,stop,breakout,wddrb_high,prior_day_low
2021-04-01 14:35:00+00:00,2021-04-01 14:40:00+00:00,SHORT,3994.25,3997.0,3997.0,0.0,-2.75,-1.0,1,stop,range_forming,intraday_high,asia_low
2021-04-01 16:35:00+00:00,2021-04-01 16:40:00+00:00,SHORT,4001.5,4002.0,4002.0,0.0,-0.5,-1.0,1,stop,breakout,wddrb_high,asia_low
2021-04-01 18:35:00+00:00,2021-04-01 18:40:00+00:00,SHORT,4003.25,4003.5,4003.5,0.0,-0.25,-1.0,1,stop,breakout,intraday_high,asia_low
2021-04-01 22:20:00+00:00,2021-04-01 22:30:00+00:00,SHORT,4013.0,4014.5,4014.5,0.0,-1.5,-1.0,2,stop,range_forming,intraday_high,asia_low
2021-04-02 06:05:00+00:00,2021-04-12 16:40:00+00:00,LONG,4019.25,4122.0,3985.0,4122.0,102.75,3.0,1675,target,range_forming,wddrb_low,min_rr
2021-04-12 22:15:00+00:00,2021-04-12 23:45:00+00:00,SHORT,4121.5,4123.75,4123.75,0.0,-2.25,-1.0,18,stop,range_forming,wddrb_high,asia_low
2021-04-13 04:55:00+00:00,2021-04-13 09:55:00+00:00,SHORT,4117.25,4123.75,4123.75,0.0,-6.5,-1.0,60,stop,breakout,wddrb_high,prior_day_low
2021-04-13 16:05:00+00:00,2021-04-13 17:40:00+00:00,SHORT,4123.75,4126.5,4126.5,0.0,-2.75,-1.0,19,stop,range_forming,wddrb_high,asia_low
2021-04-14 00:30:00+00:00,2021-04-14 13:55:00+00:00,SHORT,4130.75,4139.75,4139.75,0.0,-9.0,-1.0,161,stop,range_forming,wddrb_high,prior_day_low
2021-04-14 18:05:00+00:00,2021-04-14 19:00:00+00:00,LONG,4117.5,4116.0,4116.0,4144.0,-1.5,-1.0,11,stop,breakout,wddrb_low,wddrb_high
2021-04-14 23:50:00+00:00,2021-04-15 12:15:00+00:00,SHORT,4122.5,4144.0,4144.0,0.0,-21.5,-1.0,149,stop,range_forming,wddrb_high,asia_low
2021-04-15 18:05:00+00:00,2021-04-15 18:30:00+00:00,SHORT,4158.0,4161.75,4161.75,0.0,-3.75,-1.0,5,stop,breakout,wddrb_high,asia_low
2021-04-16 02:05:00+00:00,2021-04-16 02:15:00+00:00,SHORT,4154.75,4156.75,4156.75,4141.25,-2.0,-1.0,2,stop,breakout,intraday_high,wddrb_low
2021-04-16 07:45:00+00:00,2021-04-16 09:50:00+00:00,SHORT,4159.75,4166.5,4166.5,0.0,-6.75,-1.0,25,stop,range_forming,wddrb_high,prior_day_low
2021-04-16 12:00:00+00:00,2021-04-20 09:40:00+00:00,LONG,4170.25,4141.25,4141.25,4257.25,-29.0,-1.0,518,stop,breakout,wddrb_low,min_rr
2021-04-20 14:30:00+00:00,2021-04-20 14:40:00+00:00,LONG,4138.25,4137.0,4137.0,4151.0,-1.25,-1.0,2,stop,breakout,wddrb_low,wddrb_high
2021-04-20 22:40:00+00:00,2021-04-21 15:55:00+00:00,SHORT,4124.0,4151.0,4151.0,0.0,-27.0,-1.0,207,stop,range_forming,wddrb_high,asia_low
2021-04-21 18:05:00+00:00,2021-04-21 18:10:00+00:00,SHORT,4155.5,4156.0,4156.0,0.0,-0.5,-1.0,1,stop,breakout,wddrb_high,asia_low
2021-04-22 00:35:00+00:00,2021-04-22 15:30:00+00:00,SHORT,4155.0,4167.25,4167.25,0.0,-12.25,-1.0,179,stop,range_forming,wddrb_high,prior_day_low
2021-04-22 18:00:00+00:00,2021-04-23 16:40:00+00:00,SHORT,4119.0,4171.75,4171.75,0.0,-52.75,-1.0,257,stop,breakout,wddrb_high,asia_low
2021-04-23 19:20:00+00:00,2021-04-23 19:25:00+00:00,SHORT,4181.5,4182.0,4182.0,0.0,-0.5,-1.0,1,stop,breakout,wddrb_high,asia_low
2021-04-25 22:35:00+00:00,2021-04-27 05:30:00+00:00,SHORT,4172.0,4186.75,4186.75,0.0,-14.75,-1.0,356,stop,range_forming,wddrb_high,asia_low
2021-04-27 10:30:00+00:00,2021-04-28 13:55:00+00:00,SHORT,4181.5,4186.0,4186.0,0.0,-4.5,-1.0,314,stop,breakout,wddrb_high,prior_day_low
2021-04-28 16:35:00+00:00,2021-04-28 18:35:00+00:00,SHORT,4180.75,4188.25,4188.25,0.0,-7.5,-1.0,24,stop,breakout,wddrb_high,asia_low
2021-04-28 20:45:00+00:00,2021-04-29 00:55:00+00:00,SHORT,4185.25,4193.75,4193.75,0.0,-8.5,-1.0,38,stop,range_forming,wddrb_high,asia_low
2021-04-29 05:40:00+00:00,2021-04-29 05:45:00+00:00,SHORT,4198.0,4198.5,4198.5,0.0,-0.5,-1.0,1,stop,breakout,intraday_high,prior_day_low
2021-04-29 11:30:00+00:00,2021-04-29 16:05:00+00:00,LONG,4204.5,4172.75,4172.75,4299.75,-31.75,-1.0,55,stop,breakout,wddrb_low,min_rr
2021-04-30 00:40:00+00:00,2021-05-07 12:30:00+00:00,SHORT,4197.75,4211.0,4211.0,0.0,-13.25,-1.0,1507,stop,range_forming,wddrb_high,prior_day_low
2021-05-09 22:35:00+00:00,2021-05-09 23:10:00+00:00,SHORT,4228.25,4232.25,4232.25,0.0,-4.0,-1.0,7,stop,range_forming,wddrb_high,asia_low
2021-05-10 01:25:00+00:00,2021-05-10 01:40:00+00:00,SHORT,4235.75,4236.5,4236.5,0.0,-0.75,-1.0,3,stop,range_forming,intraday_high,prior_day_low
2021-05-10 08:15:00+00:00,2021-05-10 12:15:00+00:00,SHORT,4230.25,4232.25,4232.25,0.0,-2.0,-1.0,48,stop,breakout,wddrb_high,prior_day_low
2021-05-10 14:40:00+00:00,2021-05-10 14:45:00+00:00,LONG,4219.0,4216.25,4216.25,4231.0,-2.75,-1.0,1,stop,breakout,wddrb_low,wddrb_high
2021-05-10 18:00:00+00:00,2021-05-10 18:10:00+00:00,LONG,4216.0,4214.25,4214.25,4231.0,-1.75,-1.0,2,stop,breakout,wddrb_low,wddrb_high
2021-05-10 22:25:00+00:00,2021-06-04 19:50:00+00:00,SHORT,4179.0,4231.0,4231.0,0.0,-52.0,-1.0,5126,stop,range_forming,wddrb_high,asia_low
2021-06-06 23:00:00+00:00,2021-06-08 15:20:00+00:00,LONG,4228.25,4209.25,4209.25,4285.25,-19.0,-1.0,469,stop,range_forming,wddrb_low,min_rr
2021-06-09 00:10:00+00:00,2021-06-09 13:25:00+00:00,SHORT,4226.5,4235.0,4235.0,0.0,-8.5,-1.0,159,stop,range_forming,wddrb_high,asia_low
2021-06-09 17:05:00+00:00,2021-06-10 13:30:00+00:00,SHORT,4230.75,4235.0,4235.0,0.0,-4.25,-1.0,230,stop,range_forming,wddrb_high,asia_low
2021-06-10 16:25:00+00:00,2021-06-13 22:00:00+00:00,SHORT,4235.25,4249.0,4249.0,0.0,-13.75,-1.0,325,stop,breakout,wddrb_high,asia_low
2021-06-14 00:00:00+00:00,2021-06-14 13:30:00+00:00,LONG,4248.75,4230.75,4230.75,4302.75,-18.0,-1.0,162,stop,range_forming,wddrb_low,min_rr
2021-06-14 19:50:00+00:00,2021-06-14 19:55:00+00:00,SHORT,4241.0,4241.5,4241.5,0.0,-0.5,-1.0,1,stop,breakout,wddrb_high,asia_low
2021-06-14 23:35:00+00:00,2021-06-14 23:40:00+00:00,SHORT,4246.0,4246.25,4246.25,0.0,-0.25,-1.0,1,stop,range_forming,intraday_high,asia_low
2021-06-15 05:35:00+00:00,2021-06-15 05:45:00+00:00,SHORT,4252.5,4252.75,4252.75,0.0,-0.25,-1.0,2,stop,breakout,intraday_high,prior_day_low
2021-06-15 08:05:00+00:00,2021-06-15 08:10:00+00:00,SHORT,4251.5,4252.25,4252.25,0.0,-0.75,-1.0,1,stop,breakout,intraday_high,prior_day_low
2021-06-15 12:00:00+00:00,2021-06-16 17:20:00+00:00,LONG,4249.5,4224.5,4224.5,4324.5,-25.0,-1.0,337,stop,breakout,wddrb_low,min_rr
2021-06-16 20:00:00+00:00,2021-06-22 19:10:00+00:00,SHORT,4215.0,4241.5,4241.5,0.0,-26.5,-1.0,1082,stop,range_forming,wddrb_high,asia_low
2021-06-22 22:35:00+00:00,2021-06-23 05:55:00+00:00,SHORT,4235.5,4245.5,4245.5,0.0,-10.0,-1.0,88,stop,range_forming,wddrb_high,asia_low
2021-06-23 08:30:00+00:00,2021-06-23 14:15:00+00:00,SHORT,4239.0,4245.5,4245.5,0.0,-6.5,-1.0,69,stop,range_forming,wddrb_high,prior_day_low
2021-06-23 16:10:00+00:00,2021-06-24 08:00:00+00:00,SHORT,4239.0,4246.25,4246.25,0.0,-7.25,-1.0,175,stop,breakout,wddrb_high,asia_low
2021-06-24 11:45:00+00:00,2021-07-02 07:25:00+00:00,LONG,4252.0,4316.5,4230.5,4316.5,64.5,3.0,1598,target,breakout,wddrb_low,min_rr
2021-07-02 09:20:00+00:00,2021-07-02 09:30:00+00:00,SHORT,4311.5,4312.0,4312.0,0.0,-0.5,-1.0,2,stop,range_forming,wddrb_high,prior_day_low
2021-07-02 12:30:00+00:00,2021-07-08 10:00:00+00:00,LONG,4322.5,4293.25,4293.25,4410.25,-29.25,-1.0,1026,stop,range_forming,wddrb_low,min_rr
2021-07-08 12:35:00+00:00,2021-07-09 15:25:00+00:00,SHORT,4292.0,4353.25,4353.25,0.0,-61.25,-1.0,310,stop,range_forming,wddrb_high,asia_low
2021-07-11 23:10:00+00:00,2021-07-11 23:45:00+00:00,SHORT,4361.0,4364.0,4364.0,0.0,-3.0,-1.0,7,stop,range_forming,wddrb_high,asia_low
2021-07-12 01:40:00+00:00,2021-07-16 18:30:00+00:00,LONG,4355.0,4328.25,4328.25,4435.25,-26.75,-1.0,1306,stop,breakout,wddrb_low,min_rr
2021-07-16 20:25:00+00:00,2021-07-18 22:10:00+00:00,LONG,4316.5,4314.25,4314.25,4365.75,-2.25,-1.0,9,stop,range_forming,wddrb_low,wddrb_high
2021-07-19 00:05:00+00:00,2021-07-22 20:20:00+00:00,SHORT,4303.5,4365.75,4365.75,0.0,-62.25,-1.0,1071,stop,range_forming,wddrb_high,asia_low
2021-07-23 06:00:00+00:00,2021-08-16 18:45:00+00:00,LONG,4372.25,4464.5,4341.5,4464.5,92.25,3.0,4569,target,range_forming,wddrb_low,min_rr
2021-08-17 07:35:00+00:00,2021-08-23 14:20:00+00:00,SHORT,4453.5,4474.75,4474.75,0.0,-21.25,-1.0,1185,stop,range_forming,wddrb_high,prior_day_low
2021-08-23 16:15:00+00:00,2021-08-23 16:30:00+00:00,SHORT,4481.5,4483.0,4483.0,0.0,-1.5,-1.0,3,stop,breakout,wddrb_high,asia_low
2021-08-23 18:50:00+00:00,2021-08-24 06:30:00+00:00,SHORT,4484.5,4485.75,4485.75,0.0,-1.25,-1.0,128,stop,breakout,wddrb_high,asia_low
2021-08-24 12:00:00+00:00,2021-09-13 15:15:00+00:00,LONG,4480.5,4454.25,4454.25,4559.25,-26.25,-1.0,3855,stop,breakout,wddrb_low,min_rr
2021-09-13 17:25:00+00:00,2021-09-13 17:45:00+00:00,LONG,4456.25,4451.75,4451.75,4492.75,-4.5,-1.0,4,stop,breakout,wddrb_low,wddrb_high
2021-09-13 23:30:00+00:00,2021-10-19 08:15:00+00:00,SHORT,4476.0,4492.75,4492.75,0.0,-16.75,-1.0,7005,stop,range_forming,wddrb_high,asia_low
2021-10-19 11:00:00+00:00,2021-11-05 12:30:00+00:00,LONG,4500.25,4690.75,4436.75,4690.75,190.5,3.0,3606,target,breakout,wddrb_low,min_rr
2021-11-05 15:55:00+00:00,2021-11-19 01:45:00+00:00,SHORT,4698.5,4711.75,4711.75,0.0,-13.25,-1.0,2566,stop,range_forming,wddrb_high,asia_low
2021-11-19 03:55:00+00:00,2021-11-19 04:00:00+00:00,SHORT,4719.75,4720.25,4720.25,0.0,-0.5,-1.0,1,stop,breakout,intraday_high,prior_day_low
2021-11-19 13:00:00+00:00,2021-11-23 07:05:00+00:00,LONG,4688.0,4668.0,4668.0,4748.0,-20.0,-1.0,481,stop,breakout,wddrb_low,min_rr
2021-11-23 09:30:00+00:00,2021-12-16 11:30:00+00:00,SHORT,4667.25,4740.5,4740.5,0.0,-73.25,-1.0,4623,stop,range_forming,wddrb_high,prior_day_low
2021-12-16 14:35:00+00:00,2021-12-16 14:40:00+00:00,LONG,4710.75,4710.25,4710.25,4723.25,-0.5,-1.0,1,stop,range_forming,wddrb_low,wddrb_high
2021-12-16 23:45:00+00:00,2021-12-23 16:05:00+00:00,SHORT,4657.75,4723.25,4723.25,0.0,-65.5,-1.0,1300,stop,range_forming,wddrb_high,asia_low
2021-12-26 23:50:00+00:00,2021-12-26 23:55:00+00:00,SHORT,4721.75,4722.25,4722.25,0.0,-0.5,-1.0,1,stop,range_forming,intraday_high,asia_low
2021-12-27 23:05:00+00:00,2021-12-28 08:25:00+00:00,SHORT,4780.75,4783.5,4783.5,0.0,-2.75,-1.0,112,stop,range_forming,wddrb_high,asia_low
2021-12-28 17:00:00+00:00,2021-12-30 14:35:00+00:00,SHORT,4789.5,4798.0,4798.0,0.0,-8.5,-1.0,523,stop,range_forming,wddrb_high,asia_low
2021-12-30 20:00:00+00:00,2022-01-04 10:05:00+00:00,SHORT,4789.25,4799.75,4799.75,0.0,-10.5,-1.0,709,stop,range_forming,wddrb_high,asia_low
2022-01-04 15:40:00+00:00,2023-12-19 14:55:00+00:00,SHORT,4792.75,4808.25,4808.25,0.0,-15.5,-1.0,138975,stop,breakout,wddrb_high,asia_low
2023-12-19 20:05:00+00:00,2023-12-19 20:10:00+00:00,SHORT,4811.75,4813.0,4813.0,0.0,-1.25,-1.0,1,stop,breakout,intraday_high,asia_low
2023-12-19 23:05:00+00:00,2023-12-20 02:35:00+00:00,SHORT,4818.0,4821.5,4821.5,4796.5,-3.5,-1.0,42,stop,range_forming,wddrb_high,wddrb_low
2023-12-20 08:50:00+00:00,2023-12-20 15:00:00+00:00,SHORT,4816.25,4821.5,4821.5,0.0,-5.25,-1.0,74,stop,range_forming,wddrb_high,prior_day_low
2023-12-20 17:00:00+00:00,2023-12-20 17:40:00+00:00,SHORT,4825.25,4827.5,4827.5,0.0,-2.25,-1.0,8,stop,breakout,wddrb_high,asia_low
2023-12-20 19:35:00+00:00,2023-12-26 20:25:00+00:00,SHORT,4806.0,4830.75,4830.75,0.0,-24.75,-1.0,838,stop,breakout,wddrb_high,asia_low
2023-12-26 23:20:00+00:00,2023-12-26 23:25:00+00:00,SHORT,4828.5,4828.75,4828.75,4808.0,-0.25,-1.0,1,stop,range_forming,intraday_high,wddrb_low
2023-12-27 01:45:00+00:00,2023-12-27 18:05:00+00:00,SHORT,4824.5,4834.5,4834.5,0.0,-10.0,-1.0,196,stop,breakout,wddrb_high,prior_day_low
2023-12-27 21:00:00+00:00,2023-12-27 21:05:00+00:00,SHORT,4836.0,4836.25,4836.25,0.0,-0.25,-1.0,1,stop,range_forming,intraday_high,asia_low
2023-12-28 10:30:00+00:00,2023-12-29 15:45:00+00:00,LONG,4834.75,4816.5,4816.5,4889.5,-18.25,-1.0,339,stop,breakout,wddrb_low,min_rr
2023-12-29 19:00:00+00:00,2023-12-29 19:10:00+00:00,LONG,4814.75,4813.0,4813.0,4835.0,-1.75,-1.0,2,stop,breakout,intraday_low,wddrb_high
2023-12-29 21:05:00+00:00,2023-12-29 21:10:00+00:00,LONG,4814.25,4813.75,4813.75,4835.0,-0.5,-1.0,1,stop,range_forming,intraday_low,wddrb_high
2024-01-02 00:05:00+00:00,2024-01-02 00:10:00+00:00,LONG,4821.25,4820.75,4820.75,4835.0,-0.5,-1.0,1,stop,range_forming,intraday_low,wddrb_high
2024-01-02 02:50:00+00:00,2024-01-02 09:40:00+00:00,LONG,4817.75,4817.0,4817.0,4835.0,-0.75,-1.0,82,stop,breakout,intraday_low,wddrb_high
2024-01-02 11:35:00+00:00,2024-01-11 08:15:00+00:00,SHORT,4788.75,4835.0,4835.0,0.0,-46.25,-1.0,1892,stop,breakout,wddrb_high,prior_day_low
2024-01-11 11:30:00+00:00,2024-01-11 15:05:00+00:00,LONG,4827.0,4792.25,4792.25,4931.25,-34.75,-1.0,43,stop,breakout,wddrb_low,min_rr
2024-01-11 17:00:00+00:00,2024-01-12 14:35:00+00:00,LONG,4781.25,4832.25,4772.75,4832.25,51.0,6.0,247,target,breakout,wddrb_low,wddrb_high
2024-01-12 16:35:00+00:00,2024-01-16 00:40:00+00:00,LONG,4808.75,4802.25,4802.25,4836.5,-6.5,-1.0,313,stop,breakout,wddrb_low,wddrb_high
2024-01-16 07:00:00+00:00,2024-01-16 15:40:00+00:00,SHORT,4798.75,4813.5,4813.5,0.0,-14.75,-1.0,104,stop,range_forming,wddrb_high,prior_day_low
2024-01-16 18:50:00+00:00,2024-01-16 19:10:00+00:00,LONG,4788.25,4783.5,4783.5,4815.75,-4.75,-1.0,4,stop,breakout,wddrb_low,wddrb_high
2024-01-17 00:00:00+00:00,2024-01-18 20:50:00+00:00,SHORT,4798.5,4815.75,4815.75,0.0,-17.25,-1.0,526,stop,range_forming,wddrb_high,asia_low
2024-01-19 06:30:00+00:00,2024-01-29 20:05:00+00:00,LONG,4813.5,4944.0,4770.0,4944.0,130.5,3.0,1819,target,breakout,wddrb_low,min_rr
2024-01-30 09:30:00+00:00,2024-01-30 20:25:00+00:00,SHORT,4949.5,4956.0,4956.0,0.0,-6.5,-1.0,131,stop,range_forming,wddrb_high,prior_day_low
2024-01-31 07:25:00+00:00,2024-02-01 21:45:00+00:00,SHORT,4932.75,4957.25,4957.25,0.0,-24.5,-1.0,448,stop,range_forming,wddrb_high,prior_day_low
2024-02-02 07:00:00+00:00,2024-03-14 04:00:00+00:00,LONG,4954.75,5195.5,4874.5,5195.5,240.75,3.0,7920,target,range_forming,wddrb_low,min_rr
2024-03-14 16:05:00+00:00,2024-03-14 17:15:00+00:00,LONG,5209.75,5203.0,5203.0,5241.5,-6.75,-1.0,14,stop,range_forming,wddrb_low,wddrb_high
2024-03-14 19:10:00+00:00,2024-03-14 19:15:00+00:00,LONG,5195.0,5194.25,5194.25,5241.5,-0.75,-1.0,1,stop,breakout,wddrb_low,wddrb_high
2024-03-15 08:30:00+00:00,2024-03-19 19:50:00+00:00,SHORT,5216.25,5241.5,5241.5,0.0,-25.25,-1.0,688,stop,range_forming,wddrb_high,prior_day_low
2024-03-20 06:00:00+00:00,2024-03-20 11:15:00+00:00,SHORT,5235.75,5244.75,5244.75,0.0,-9.0,-1.0,63,stop,range_forming,wddrb_high,prior_day_low
2024-03-20 13:10:00+00:00,2024-04-04 19:40:00+00:00,LONG,5237.5,5195.25,5195.25,5364.25,-42.25,-1.0,2838,stop,range_forming,wddrb_low,min_rr
2024-04-04 22:35:00+00:00,2024-05-15 15:05:00+00:00,SHORT,5203.25,5308.5,5308.5,0.0,-105.25,-1.0,7926,stop,range_forming,wddrb_high,asia_low
2024-05-16 09:30:00+00:00,2024-05-23 18:05:00+00:00,LONG,5335.75,5286.75,5286.75,5482.75,-49.0,-1.0,1483,stop,range_forming,wddrb_low,min_rr
2024-05-24 09:25:00+00:00,2024-06-05 18:30:00+00:00,SHORT,5296.5,5358.25,5358.25,0.0,-61.75,-1.0,2269,stop,breakout,wddrb_high,prior_day_low
2024-06-06 08:40:00+00:00,2024-06-06 11:00:00+00:00,SHORT,5366.0,5367.0,5367.0,0.0,-1.0,-1.0,28,stop,breakout,wddrb_high,prior_day_low
2024-06-06 12:55:00+00:00,2024-06-17 17:30:00+00:00,LONG,5366.0,5544.5,5306.5,5544.5,178.5,3.0,1987,target,range_forming,wddrb_low,min_rr
2024-06-17 20:35:00+00:00,2024-06-17 20:40:00+00:00,SHORT,5547.0,5547.5,5547.5,5489.75,-0.5,-1.0,1,stop,range_forming,intraday_high,wddrb_low
2024-06-18 07:05:00+00:00,2024-06-18 07:10:00+00:00,SHORT,5548.25,5548.5,5548.5,0.0,-0.25,-1.0,1,stop,range_forming,intraday_high,prior_day_low
2024-06-18 09:10:00+00:00,2024-06-18 17:45:00+00:00,SHORT,5550.75,5561.0,5561.0,0.0,-10.25,-1.0,103,stop,breakout,wddrb_high,prior_day_low
2024-06-19 08:45:00+00:00,2024-06-19 08:50:00+00:00,SHORT,5561.75,5562.25,5562.25,0.0,-0.5,-1.0,1,stop,range_forming,wddrb_high,prior_day_low
2024-06-19 10:55:00+00:00,2024-06-20 16:25:00+00:00,LONG,5565.5,5543.5,5543.5,5631.5,-22.0,-1.0,294,stop,breakout,wddrb_low,min_rr
2024-06-20 18:35:00+00:00,2024-06-20 18:50:00+00:00,LONG,5548.0,5545.75,5545.75,5576.75,-2.25,-1.0,3,stop,breakout,intraday_low,wddrb_high
2024-06-21 12:25:00+00:00,2024-06-28 14:00:00+00:00,SHORT,5533.0,5576.75,5576.75,0.0,-43.75,-1.0,1399,stop,breakout,wddrb_high,prior_day_low
2024-06-28 19:40:00+00:00,2024-06-28 19:55:00+00:00,LONG,5530.75,5526.0,5526.0,5585.0,-4.75,-1.0,3,stop,breakout,intraday_low,wddrb_high
2024-07-01 10:55:00+00:00,2024-07-01 14:10:00+00:00,LONG,5531.5,5510.75,5510.75,5593.75,-20.75,-1.0,39,stop,breakout,wddrb_low,min_rr
2024-07-01 23:30:00+00:00,2024-07-02 15:10:00+00:00,SHORT,5529.25,5539.5,5539.5,0.0,-10.25,-1.0,188,stop,range_forming,wddrb_high,asia_low
2024-07-03 00:30:00+00:00,2024-07-03 08:40:00+00:00,SHORT,5565.5,5569.75,5569.75,0.0,-4.25,-1.0,98,stop,range_forming,wddrb_high,prior_day_low
2024-07-03 12:10:00+00:00,2024-07-03 13:30:00+00:00,SHORT,5565.25,5569.75,5569.75,0.0,-4.5,-1.0,16,stop,breakout,wddrb_high,prior_day_low
2024-07-04 06:50:00+00:00,2024-07-04 10:50:00+00:00,SHORT,5592.25,5595.75,5595.75,0.0,-3.5,-1.0,48,stop,range_forming,wddrb_high,prior_day_low
2024-07-04 14:30:00+00:00,2024-07-04 14:35:00+00:00,LONG,5586.25,5585.25,5585.25,5595.5,-1.0,-1.0,1,stop,range_forming,wddrb_low,wddrb_high
2024-07-05 06:00:00+00:00,2024-07-05 12:30:00+00:00,LONG,5595.5,5585.25,5585.25,5626.25,-10.25,-1.0,78,stop,range_forming,wddrb_low,min_rr
2024-07-07 23:30:00+00:00,2024-07-11 12:30:00+00:00,LONG,5614.5,5701.5,5585.5,5701.5,87.0,3.0,984,target,range_forming,wddrb_low,min_rr
2024-07-12 08:00:00+00:00,2024-07-12 17:30:00+00:00,SHORT,5641.75,5695.75,5695.75,0.0,-54.0,-1.0,114,stop,range_forming,wddrb_high,prior_day_low
2024-07-14 22:00:00+00:00,2024-07-17 16:10:00+00:00,LONG,5669.75,5642.5,5642.5,5751.5,-27.25,-1.0,770,stop,range_forming,wddrb_low,min_rr
2024-07-17 18:50:00+00:00,2024-07-17 20:00:00+00:00,LONG,5640.75,5633.25,5633.25,5672.75,-7.5,-1.0,14,stop,breakout,wddrb_low,wddrb_high
2024-07-18 03:30:00+00:00,2024-09-15 22:00:00+00:00,SHORT,5647.25,5672.75,5672.75,0.0,-25.5,-1.0,11478,stop,breakout,wddrb_high,prior_day_low
2024-09-15 23:55:00+00:00,2024-11-06 20:10:00+00:00,LONG,5694.5,5963.0,5605.0,5963.0,268.5,3.0,10431,target,range_forming,wddrb_low,min_rr
2024-11-07 11:30:00+00:00,2024-11-07 11:35:00+00:00,SHORT,5966.0,5967.0,5967.0,0.0,-1.0,-1.0,1,stop,range_forming,wddrb_high,prior_day_low
2024-11-07 13:30:00+00:00,2024-11-15 15:55:00+00:00,LONG,5968.75,5900.75,5900.75,6172.75,-68.0,-1.0,1685,stop,range_forming,wddrb_low,min_rr
2024-11-15 19:50:00+00:00,2024-11-19 13:45:00+00:00,LONG,5883.25,5876.75,5876.75,5941.75,-6.5,-1.0,479,stop,breakout,wddrb_low,wddrb_high
2024-11-19 21:00:00+00:00,2024-11-20 00:10:00+00:00,SHORT,5941.25,5947.5,5947.5,0.0,-6.25,-1.0,26,stop,range_forming,wddrb_high,asia_low
2024-11-20 08:05:00+00:00,2024-11-20 08:15:00+00:00,SHORT,5953.5,5954.5,5954.5,0.0,-1.0,-1.0,2,stop,range_forming,intraday_high,prior_day_low
2024-11-20 16:00:00+00:00,2024-11-20 16:05:00+00:00,LONG,5906.25,5904.5,5904.5,5940.25,-1.75,-1.0,1,stop,range_forming,intraday_low,wddrb_high
2024-11-20 18:05:00+00:00,2024-11-20 18:10:00+00:00,LONG,5906.5,5906.0,5906.0,5940.25,-0.5,-1.0,1,stop,range_forming,intraday_low,wddrb_high
2024-11-20 20:05:00+00:00,2024-11-20 20:50:00+00:00,LONG,5909.75,5940.25,5906.5,5940.25,30.5,9.384615384615385,9,target,range_forming,intraday_low,wddrb_high
2024-11-21 02:10:00+00:00,2024-11-21 02:40:00+00:00,LONG,5917.25,5916.25,5916.25,5942.75,-1.0,-1.0,6,stop,breakout,intraday_low,wddrb_high
2024-11-21 04:35:00+00:00,2024-11-21 04:45:00+00:00,LONG,5924.0,5923.5,5923.5,5942.75,-0.5,-1.0,2,stop,breakout,intraday_low,wddrb_high
2024-11-21 06:40:00+00:00,2024-11-21 06:45:00+00:00,LONG,5927.75,5926.75,5926.75,5942.75,-1.0,-1.0,1,stop,breakout,intraday_low,wddrb_high
2024-11-22 01:30:00+00:00,2024-11-22 14:40:00+00:00,SHORT,5969.75,5985.0,5985.0,0.0,-15.25,-1.0,158,stop,range_forming,wddrb_high,prior_day_low
2024-11-24 23:00:00+00:00,2024-12-16 14:00:00+00:00,LONG,6009.25,6148.75,5962.75,6148.75,139.5,3.0,4227,target,range_forming,wddrb_low,min_rr
2024-12-17 06:40:00+00:00,2024-12-17 07:45:00+00:00,LONG,6141.75,6136.5,6136.5,6163.75,-5.25,-1.0,13,stop,breakout,wddrb_low,wddrb_high
2024-12-17 13:30:00+00:00,2025-02-19 19:20:00+00:00,SHORT,6130.0,6163.75,6163.75,0.0,-33.75,-1.0,11983,stop,range_forming,wddrb_high,asia_low
