date,ts,session,session_label,open,high,low,close,p_confirm_long,p_confirm_short,p_false_session,p_m7_ret_sd,p_m7_time,p_max_ext_sd,p_max_ext_time,p_max_ret_sd,p_max_ret_time,box_std,confirm_side,is_post_confirm,is_false_session,current_ext_sd,current_ret_sd,candle_index,confirm_candle_index,day_number,max_ext_candle_index,max_ret_candle_index
2008-03-10,2008-03-10 00:00:00-04:00,AS,Asia,1288.0,1288.0,1287.25,1287.5,0.5,0.5,0.5,0.5,0.5,0.5,0.5,0.5,0.5,0.0,none,False,False,,,42.0,,4.0,,
2008-03-10,2008-03-10 00:05:00-04:00,AS,Asia,1287.25,1287.5,1287.0,1287.25,0.5,0.5,0.5,0.5,0.5,0.5,0.5,0.5,0.5,0.0,none,False,False,,,43.0,,4.0,,
2008-03-10,2008-03-10 00:10:00-04:00,AS,Asia,1287.25,1287.5,1286.75,1287.0,0.5,0.5,0.5,0.5,0.5,0.5,0.5,0.5,0.5,0.0,none,False,False,,,44.0,,4.0,,
2008-03-10,2008-03-10 00:15:00-04:00,AS,Asia,1286.75,1287.25,1286.75,1287.0,0.5,0.5,0.5,0.5,0.5,0.5,0.5,0.5,0.5,0.0,none,False,False,,,45.0,,4.0,,
2008-03-10,2008-03-10 00:20:00-04:00,AS,Asia,1287.0,1287.25,1287.0,1287.0,0.5,0.5,0.5,0.5,0.5,0.5,0.5,0.5,0.5,0.0,none,False,False,,,46.0,,4.0,,
2008-03-10,2008-03-10 00:25:00-04:00,AS,Asia,1287.0,1287.25,1286.75,1286.75,0.5,0.5,0.5,0.5,0.5,0.5,0.5,0.5,0.5,0.0,none,False,False,,,47.0,,4.0,,
2008-03-10,2008-03-10 00:30:00-04:00,AS,Asia,1287.0,1287.0,1286.75,1286.75,0.5,0.5,0.5,0.5,0.5,0.5,0.5,0.5,0.5,0.0,none,False,False,,,48.0,,4.0,,
2008-03-10,2008-03-10 00:35:00-04:00,AS,Asia,1287.0,1287.0,1287.0,1287.0,0.5,0.5,0.5,0.5,0.5,0.5,0.5,0.5,0.5,0.0,none,False,False,,,49.0,,4.0,,
2008-03-10,2008-03-10 00:40:00-04:00,AS,Asia,1287.0,1287.25,1286.75,1287.0,0.5,0.5,0.5,0.5,0.5,0.5,0.5,0.5,0.5,0.0,none,False,False,,,50.0,,4.0,,
2008-03-10,2008-03-10 00:45:00-04:00,AS,Asia,1287.0,1287.25,1286.5,1286.5,0.5,0.5,0.5,0.5,0.5,0.5,0.5,0.5,0.5,0.0,none,False,False,,,51.0,,4.0,,
2008-03-10,2008-03-10 00:50:00-04:00,AS,Asia,1286.75,1287.0,1286.5,1286.75,0.5,0.5,0.5,0.5,0.5,0.5,0.5,0.5,0.5,0.0,none,False,False,,,52.0,,4.0,,
2008-03-10,2008-03-10 00:55:00-04:00,AS,Asia,1286.75,1286.75,1286.25,1286.5,0.5,0.5,0.5,0.5,0.5,0.5,0.5,0.5,0.5,0.0,none,False,False,,,53.0,,4.0,,
2008-03-10,2008-03-10 01:00:00-04:00,AS,Asia,1286.75,1287.0,1286.25,1286.75,0.5,0.5,0.5,0.5,0.5,0.5,0.5,0.5,0.5,0.0,none,False,False,,,54.0,,4.0,,
2008-03-10,2008-03-10 01:05:00-04:00,AS,Asia,1286.75,1287.25,1286.75,1287.25,0.5,0.5,0.5,0.5,0.5,0.5,0.5,0.5,0.5,0.0,none,False,False,,,55.0,,4.0,,
2008-03-10,2008-03-10 01:10:00-04:00,AS,Asia,1287.25,1287.75,1287.25,1287.25,0.5,0.5,0.5,0.5,0.5,0.5,0.5,0.5,0.5,0.0,none,False,False,,,56.0,,4.0,,
2008-03-10,2008-03-10 01:15:00-04:00,AS,Asia,1287.25,1287.25,1287.25,1287.25,0.5,0.5,0.5,0.5,0.5,0.5,0.5,0.5,0.5,0.0,none,False,False,,,57.0,,4.0,,
2008-03-10,2008-03-10 01:20:00-04:00,AS,Asia,1287.25,1287.5,1286.75,1286.75,0.5,0.5,0.5,0.5,0.5,0.5,0.5,0.5,0.5,0.0,none,False,False,,,58.0,,4.0,,
2008-03-10,2008-03-10 01:25:00-04:00,AS,Asia,1287.0,1287.5,1287.0,1287.25,0.5,0.5,0.5,0.5,0.5,0.5,0.5,0.5,0.5,0.0,none,False,False,,,59.0,,4.0,,
2008-03-10,2008-03-10 01:30:00-04:00,AS,Asia,1287.5,1288.0,1287.5,1287.75,0.5,0.5,0.5,0.5,0.5,0.5,0.5,0.5,0.5,0.0,none,False,False,,,60.0,,4.0,,
2008-03-10,2008-03-10 01:35:00-04:00,AS,Asia,1288.0,1288.25,1288.0,1288.25,0.5,0.5,0.5,0.5,0.5,0.5,0.5,0.5,0.5,0.0,none,False,False,,,61.0,,4.0,,
2008-03-10,2008-03-10 01:40:00-04:00,AS,Asia,1288.25,1288.5,1288.25,1288.25,0.5,0.5,0.5,0.5,0.5,0.5,0.5,0.5,0.5,0.0,none,False,False,,,62.0,,4.0,,
2008-03-10,2008-03-10 01:45:00-04:00,AS,Asia,1288.25,1288.5,1288.0,1288.25,0.5,0.5,0.5,0.5,0.5,0.5,0.5,0.5,0.5,0.0,none,False,False,,,63.0,,4.0,,
2008-03-10,2008-03-10 01:50:00-04:00,AS,Asia,1288.25,1288.75,1287.75,1287.75,0.5,0.5,0.5,0.5,0.5,0.5,0.5,0.5,0.5,0.0,none,False,False,,,64.0,,4.0,,
2008-03-10,2008-03-10 01:55:00-04:00,AS,Asia,1287.5,1287.75,1287.25,1287.75,0.5,0.5,0.5,0.5,0.5,0.5,0.5,0.5,0.5,0.0,none,False,False,,,65.0,,4.0,,
2008-03-10,2008-03-10 02:00:00-04:00,AS,Asia,1288.0,1288.25,1287.5,1287.75,0.5,0.5,0.5,0.5,0.5,0.5,0.5,0.5,0.5,0.0,none,False,False,,,-222.0,,4.0,,
2008-03-10,2008-03-10 02:05:00-04:00,AS,Asia,1288.0,1288.25,1287.25,1288.25,0.5,0.5,0.5,0.5,0.5,0.5,0.5,0.5,0.5,0.0,none,False,False,,,-221.0,,4.0,,
2008-03-10,2008-03-10 02:10:00-04:00,AS,Asia,1288.25,1289.25,1288.25,1288.75,0.5,0.5,0.5,0.5,0.5,0.5,0.5,0.5,0.5,0.0,none,False,False,,,-220.0,,4.0,,
2008-03-10,2008-03-10 02:15:00-04:00,AS,Asia,1288.75,1289.0,1288.5,1288.75,0.5,0.5,0.5,0.5,0.5,0.5,0.5,0.5,0.5,0.0,none,False,False,,,-219.0,,4.0,,
2008-03-10,2008-03-10 02:20:00-04:00,AS,Asia,1288.75,1289.25,1288.5,1288.5,0.5,0.5,0.5,0.5,0.5,0.5,0.5,0.5,0.5,0.0,none,False,False,,,-218.0,,4.0,,
2008-03-10,2008-03-10 02:25:00-04:00,AS,Asia,1288.5,1288.5,1287.75,1288.0,0.5,0.5,0.5,0.5,0.5,0.5,0.5,0.5,0.5,0.0,none,False,False,,,-217.0,,4.0,,
2008-03-10,2008-03-10 02:30:00-04:00,AS,Asia,1288.0,1288.0,1287.25,1287.5,0.5,0.5,0.5,0.5,0.5,0.5,0.5,0.5,0.5,0.0,none,False,False,,,-216.0,,4.0,,
2008-03-10,2008-03-10 02:35:00-04:00,AS,Asia,1287.5,1288.0,1287.25,1288.0,0.5,0.5,0.5,0.5,0.5,0.5,0.5,0.5,0.5,0.0,none,False,False,,,-215.0,,4.0,,
2008-03-10,2008-03-10 02:40:00-04:00,AS,Asia,1288.0,1288.75,1288.0,1288.75,0.5,0.5,0.5,0.5,0.5,0.5,0.5,0.5,0.5,0.0,none,False,False,,,-214.0,,4.0,,
2008-03-10,2008-03-10 02:45:00-04:00,AS,Asia,1288.75,1289.0,1288.5,1288.5,0.5,0.5,0.5,0.5,0.5,0.5,0.5,0.5,0.5,0.0,none,False,False,,,-213.0,,4.0,,
2008-03-10,2008-03-10 02:50:00-04:00,AS,Asia,1288.75,1289.25,1288.75,1289.0,0.5,0.5,0.5,0.5,0.5,0.5,0.5,0.5,0.5,0.0,none,False,False,,,-212.0,,4.0,,
2008-03-10,2008-03-10 02:55:00-04:00,AS,Asia,1289.0,1289.0,1288.25,1288.75,0.5,0.5,0.5,0.5,0.5,0.5,0.5,0.5,0.5,0.0,none,False,False,,,-211.0,,4.0,,
2008-03-10,2008-03-10 03:00:00-04:00,TO,TransODR,1289.0,1289.25,1288.25,1288.25,0.5,0.5,0.5,0.5,0.5,0.5,0.5,0.5,0.5,0.0,none,False,False,,,,,4.0,,
2008-03-10,2008-03-10 03:05:00-04:00,TO,TransODR,1288.75,1288.75,1287.5,1287.75,0.5,0.5,0.5,0.5,0.5,0.5,0.5,0.5,0.5,0.0,none,False,False,,,,,4.0,,
2008-03-10,2008-03-10 03:10:00-04:00,TO,TransODR,1287.75,1288.0,1287.25,1288.0,0.5,0.5,0.5,0.5,0.5,0.5,0.5,0.5,0.5,0.0,none,False,False,,,,,4.0,,
2008-03-10,2008-03-10 03:15:00-04:00,TO,TransODR,1287.75,1288.25,1287.5,1288.25,0.5,0.5,0.5,0.5,0.5,0.5,0.5,0.5,0.5,0.0,none,False,False,,,,,4.0,,
2008-03-10,2008-03-10 03:20:00-04:00,TO,TransODR,1288.25,1288.5,1288.0,1288.5,0.5,0.5,0.5,0.5,0.5,0.5,0.5,0.5,0.5,0.0,none,False,False,,,,,4.0,,
2008-03-10,2008-03-10 03:25:00-04:00,TO,TransODR,1288.5,1290.0,1288.5,1289.75,0.5,0.5,0.5,0.5,0.5,0.5,0.5,0.5,0.5,0.0,none,False,False,,,,,4.0,,
2008-03-10,2008-03-10 03:30:00-04:00,TO,TransODR,1289.5,1290.25,1289.5,1289.75,0.5,0.5,0.5,0.5,0.5,0.5,0.5,0.5,0.5,0.0,none,False,False,,,,,4.0,,
2008-03-10,2008-03-10 03:35:00-04:00,TO,TransODR,1289.75,1291.0,1289.75,1290.25,0.5,0.5,0.5,0.5,0.5,0.5,0.5,0.5,0.5,0.0,none,False,False,,,,,4.0,,
2008-03-10,2008-03-10 03:40:00-04:00,TO,TransODR,1290.5,1291.5,1290.25,1291.25,0.5,0.5,0.5,0.5,0.5,0.5,0.5,0.5,0.5,0.0,none,False,False,,,,,4.0,,
2008-03-10,2008-03-10 03:45:00-04:00,TO,TransODR,1291.5,1291.75,1290.75,1291.75,0.5,0.5,0.5,0.5,0.5,0.5,0.5,0.5,0.5,0.0,none,False,False,,,,,4.0,,
2008-03-10,2008-03-10 03:50:00-04:00,TO,TransODR,1291.75,1292.5,1291.25,1291.25,0.5,0.5,0.5,0.5,0.5,0.5,0.5,0.5,0.5,0.0,none,False,False,,,,,4.0,,
2008-03-10,2008-03-10 03:55:00-04:00,TO,TransODR,1291.25,1291.5,1291.0,1291.5,0.5,0.5,0.5,0.5,0.5,0.5,0.5,0.5,0.5,0.0,none,False,False,,,,,4.0,,
2008-03-10,2008-03-10 04:00:00-04:00,OR,ODRRange,1291.5,1294.25,1291.0,1293.75,0.51,0.44,0.5,0.5,0.5,0.5,0.5,0.5,0.5,0.0,none,False,False,,,12.0,,4.0,,
2008-03-10,2008-03-10 04:05:00-04:00,OR,ODRRange,1293.75,1293.75,1292.75,1293.75,0.51,0.44,0.5,0.5,0.5,0.5,0.5,0.5,0.5,0.0,none,False,False,,,13.0,,4.0,,
2008-03-10,2008-03-10 04:10:00-04:00,OR,ODRRange,1293.75,1295.25,1293.75,1294.75,0.5,0.5,0.5,0.5,0.5,0.5,0.5,0.5,0.5,3.25,none,False,False,,,14.0,,4.0,,
2008-03-10,2008-03-10 04:15:00-04:00,OR,ODRRange,1294.5,1295.75,1294.5,1295.0,0.5,0.5,0.5,0.5,0.5,0.5,0.5,0.5,0.5,2.8,none,False,False,,,15.0,,4.0,,
2008-03-10,2008-03-10 04:20:00-04:00,OR,ODRRange,1294.75,1295.0,1293.75,1294.5,1.0,0.0,0.5,0.5,0.5,0.5,0.5,0.5,0.5,2.4,none,False,False,,,16.0,,4.0,,
2008-03-10,2008-03-10 04:25:00-04:00,OR,ODRRange,1294.5,1294.75,1291.75,1291.75,0.2,0.72,0.5,0.5,0.5,0.5,0.5,0.5,0.5,0.08,none,False,False,,,17.0,,4.0,,
2008-03-10,2008-03-10 04:30:00-04:00,OR,ODRRange,1291.5,1292.25,1291.0,1292.0,0.44,0.5,0.5,0.5,0.5,0.5,0.5,0.5,0.5,0.15,none,False,False,,,18.0,,4.0,,
2008-03-10,2008-03-10 04:35:00-04:00,OR,ODRRange,1291.75,1292.25,1290.25,1290.5,0.26,0.74,0.5,0.5,0.5,0.5,0.5,0.5,0.5,-0.22,none,False,False,,,19.0,,4.0,,
2008-03-10,2008-03-10 04:40:00-04:00,OR,ODRRange,1290.5,1291.25,1289.25,1290.25,0.26,0.74,0.5,0.5,0.5,0.5,0.5,0.5,0.5,-0.26,none,False,False,,,20.0,,4.0,,
2008-03-10,2008-03-10 04:45:00-04:00,OR,ODRRange,1290.25,1292.25,1289.75,1292.0,0.74,0.26,0.5,0.5,0.5,0.5,0.5,0.5,0.5,0.11,none,False,False,,,21.0,,4.0,,
2008-03-10,2008-03-10 04:50:00-04:00,OR,ODRRange,1291.75,1291.75,1289.0,1289.75,0.25,0.72,0.5,0.5,0.5,0.5,0.5,0.5,0.5,-0.33,none,False,False,,,22.0,,4.0,,
2008-03-10,2008-03-10 04:55:00-04:00,OR,ODRRange,1289.75,1290.25,1289.0,1289.75,0.25,0.72,0.5,0.5,0.5,0.5,0.5,0.5,0.5,-0.33,none,False,False,,,23.0,,4.0,,
2008-03-10,2008-03-10 05:00:00-04:00,OS,ODR,1289.75,1290.75,1288.5,1289.25,0.5,0.5,0.5,0.5,0.5,0.5,0.5,0.5,0.5,-0.33,none,False,False,,,12.0,,4.0,,
2008-03-10,2008-03-10 05:05:00-04:00,OS,ODR,1289.25,1291.5,1289.25,1290.5,0.5,0.5,0.5,0.5,0.5,0.5,0.5,0.5,0.5,-0.33,none,False,False,,,13.0,,4.0,,
2008-03-10,2008-03-10 05:10:00-04:00,OS,ODR,1290.5,1290.5,1288.5,1290.0,0.5,0.5,0.5,0.5,0.5,0.5,0.5,0.5,0.5,-0.33,none,False,False,,,14.0,,4.0,,
2008-03-10,2008-03-10 05:15:00-04:00,OS,ODR,1289.75,1291.5,1289.5,1291.5,0.5,0.5,0.5,0.5,0.5,0.5,0.5,0.5,0.5,-0.33,none,False,False,,,15.0,,4.0,,
2008-03-10,2008-03-10 05:20:00-04:00,OS,ODR,1291.5,1293.5,1291.25,1293.5,0.5,0.5,0.5,0.5,0.5,0.5,0.5,0.5,0.5,-0.33,none,False,False,,,16.0,,4.0,,
2008-03-10,2008-03-10 05:25:00-04:00,OS,ODR,1293.5,1293.5,1292.25,1292.5,0.5,0.5,0.5,0.5,0.5,0.5,0.5,0.5,0.5,-0.33,none,False,False,,,17.0,,4.0,,
2008-03-10,2008-03-10 05:30:00-04:00,OS,ODR,1292.75,1294.0,1292.25,1293.0,0.5,0.5,0.5,0.5,0.5,0.5,0.5,0.5,0.5,-0.33,none,False,False,,,18.0,,4.0,,
2008-03-10,2008-03-10 05:35:00-04:00,OS,ODR,1293.0,1293.25,1291.75,1292.25,0.5,0.5,0.5,0.5,0.5,0.5,0.5,0.5,0.5,-0.33,none,False,False,,,19.0,,4.0,,
2008-03-10,2008-03-10 05:40:00-04:00,OS,ODR,1292.0,1293.75,1292.0,1293.5,0.5,0.5,0.5,0.5,0.5,0.5,0.5,0.5,0.5,-0.33,none,False,False,,,20.0,,4.0,,
2008-03-10,2008-03-10 05:45:00-04:00,OS,ODR,1293.5,1294.0,1292.75,1294.0,0.5,0.5,0.5,0.5,0.5,0.5,0.5,0.5,0.5,-0.33,none,False,False,,,21.0,,4.0,,
2008-03-10,2008-03-10 05:50:00-04:00,OS,ODR,1293.75,1295.0,1293.5,1294.0,0.5,0.5,0.5,0.5,0.5,0.5,0.5,0.5,0.5,-0.33,none,False,False,,,22.0,,4.0,,
2008-03-10,2008-03-10 05:55:00-04:00,OS,ODR,1294.0,1294.0,1292.25,1292.5,0.5,0.5,0.5,0.5,0.5,0.5,0.5,0.5,0.5,-0.33,none,False,False,,,23.0,,4.0,,
2008-03-10,2008-03-10 06:00:00-04:00,OS,ODR,1292.5,1293.5,1292.5,1293.5,0.5,0.5,0.5,0.5,0.5,0.5,0.5,0.5,0.5,-0.33,none,False,False,,,24.0,,4.0,,
2008-03-10,2008-03-10 06:05:00-04:00,OS,ODR,1293.5,1293.75,1293.0,1293.5,0.5,0.5,0.5,0.5,0.5,0.5,0.5,0.5,0.5,-0.33,none,False,False,,,25.0,,4.0,,
2008-03-10,2008-03-10 06:10:00-04:00,OS,ODR,1293.75,1294.75,1293.75,1294.0,0.5,0.5,0.5,0.5,0.5,0.5,0.5,0.5,0.5,-0.33,none,False,False,,,26.0,,4.0,,
2008-03-10,2008-03-10 06:15:00-04:00,OS,ODR,1294.0,1294.0,1292.75,1293.25,0.5,0.5,0.5,0.5,0.5,0.5,0.5,0.5,0.5,-0.33,none,False,False,,,27.0,,4.0,,
2008-03-10,2008-03-10 06:20:00-04:00,OS,ODR,1293.5,1293.75,1293.0,1293.5,0.5,0.5,0.5,0.5,0.5,0.5,0.5,0.5,0.5,-0.33,none,False,False,,,28.0,,4.0,,
2008-03-10,2008-03-10 06:25:00-04:00,OS,ODR,1293.25,1293.5,1292.5,1293.0,0.5,0.5,0.5,0.5,0.5,0.5,0.5,0.5,0.5,-0.33,none,False,False,,,29.0,,4.0,,
2008-03-10,2008-03-10 06:30:00-04:00,OS,ODR,1292.75,1293.75,1291.75,1293.75,0.5,0.5,0.5,0.5,0.5,0.5,0.5,0.5,0.5,-0.33,none,False,False,,,30.0,,4.0,,
2008-03-10,2008-03-10 06:35:00-04:00,OS,ODR,1293.5,1294.25,1293.0,1293.5,0.5,0.5,0.5,0.5,0.5,0.5,0.5,0.5,0.5,-0.33,none,False,False,,,31.0,,4.0,,
2008-03-10,2008-03-10 06:40:00-04:00,OS,ODR,1293.0,1293.5,1293.0,1293.25,0.5,0.5,0.5,0.5,0.5,0.5,0.5,0.5,0.5,-0.33,none,False,False,,,32.0,,4.0,,
2008-03-10,2008-03-10 06:45:00-04:00,OS,ODR,1293.5,1295.0,1293.25,1294.25,0.5,0.5,0.5,0.5,0.5,0.5,0.5,0.5,0.5,-0.33,none,False,False,,,33.0,,4.0,,
2008-03-10,2008-03-10 06:50:00-04:00,OS,ODR,1294.5,1295.0,1294.0,1294.75,0.5,0.5,0.5,0.5,0.5,0.5,0.5,0.5,0.5,-0.33,none,False,False,,,34.0,,4.0,,
2008-03-10,2008-03-10 06:55:00-04:00,OS,ODR,1295.0,1295.75,1294.25,1295.0,0.5,0.5,0.5,0.5,0.5,0.5,0.5,0.5,0.5,-0.33,none,False,False,,,35.0,,4.0,,
2008-03-10,2008-03-10 07:00:00-04:00,OS,ODR,1294.75,1296.0,1294.75,1296.0,0.5,0.5,0.5,0.5,0.5,0.5,0.5,0.5,0.5,-0.33,long,True,False,,,36.0,36.0,4.0,,
2008-03-10,2008-03-10 07:05:00-04:00,OS,ODR,1296.0,1297.0,1295.5,1296.0,1.0,0.0,0.0,0.0,0.0,0.0,0.0,0.0,0.0,-0.33,long,True,False,0.38,0.1,37.0,36.0,4.0,37.0,37.0
2008-03-10,2008-03-10 07:10:00-04:00,OS,ODR,1295.75,1296.75,1295.25,1296.0,1.0,0.0,0.0,0.0,0.0,0.0,0.0,0.0,0.0,-0.33,long,True,False,0.38,0.05,38.0,36.0,4.0,37.0,38.0
2008-03-10,2008-03-10 07:15:00-04:00,OS,ODR,1296.0,1298.25,1296.0,1297.75,1.0,0.0,0.0,0.0,0.0,0.0,0.0,0.0,0.0,-0.33,long,True,False,0.62,0.05,39.0,36.0,4.0,39.0,38.0
2008-03-10,2008-03-10 07:20:00-04:00,OS,ODR,1298.0,1299.5,1297.75,1298.75,1.0,0.0,0.0,0.0,0.0,0.5,0.0,0.0,0.0,-0.33,long,True,False,0.86,0.05,40.0,36.0,4.0,40.0,38.0
2008-03-10,2008-03-10 07:25:00-04:00,OS,ODR,1298.75,1299.0,1297.75,1299.0,1.0,0.0,0.0,0.0,0.0,0.5,0.0,0.0,0.0,-0.33,long,True,False,0.86,0.05,41.0,36.0,4.0,40.0,38.0
2008-03-10,2008-03-10 07:30:00-04:00,OS,ODR,1299.0,1299.0,1297.0,1297.25,1.0,0.0,0.0,0.0,0.0,0.5,0.0,0.0,0.0,-0.33,long,True,False,0.86,0.05,42.0,36.0,4.0,40.0,38.0
2008-03-10,2008-03-10 07:35:00-04:00,OS,ODR,1297.25,1297.5,1296.25,1296.5,1.0,0.0,0.0,0.0,0.0,0.5,0.0,0.0,0.0,-0.33,long,True,False,0.86,0.05,43.0,36.0,4.0,40.0,38.0
2008-03-10,2008-03-10 07:40:00-04:00,OS,ODR,1296.25,1297.0,1295.0,1296.5,1.0,0.0,0.0,0.0,0.0,0.5,0.0,0.0,0.0,-0.33,long,True,False,0.86,0.0,44.0,36.0,4.0,40.0,44.0
2008-03-10,2008-03-10 07:45:00-04:00,OS,ODR,1296.5,1297.0,1295.5,1296.0,1.0,0.0,0.0,0.0,0.0,0.5,0.0,0.0,0.0,-0.33,long,True,False,0.86,0.0,45.0,36.0,4.0,40.0,44.0
2008-03-10,2008-03-10 07:50:00-04:00,OS,ODR,1296.0,1296.25,1294.75,1295.0,1.0,0.0,0.0,0.0,0.0,0.5,0.0,0.0,0.0,-0.33,long,True,False,0.86,-0.05,46.0,36.0,4.0,40.0,46.0
2008-03-10,2008-03-10 07:55:00-04:00,OS,ODR,1295.25,1295.75,1294.0,1295.75,1.0,0.0,0.0,0.0,0.0,0.5,0.0,0.0,0.0,-0.33,long,True,False,0.86,-0.19,47.0,36.0,4.0,40.0,47.0
2008-03-10,2008-03-10 08:00:00-04:00,OS,ODR,1295.75,1297.0,1295.0,1295.75,1.0,0.0,0.0,0.0,0.0,0.5,0.0,0.0,0.0,-0.33,long,True,False,0.86,-0.19,48.0,36.0,4.0,40.0,47.0
2008-03-10,2008-03-10 08:05:00-04:00,OS,ODR,1295.5,1296.5,1294.75,1296.25,1.0,0.0,0.0,0.0,0.0,0.5,0.0,0.0,0.0,-0.33,long,True,False,0.86,-0.19,49.0,36.0,4.0,40.0,47.0
2008-03-10,2008-03-10 08:10:00-04:00,OS,ODR,1296.25,1296.75,1295.75,1296.25,1.0,0.0,0.0,0.0,0.0,0.5,0.0,0.0,0.0,-0.33,long,True,False,0.86,-0.19,50.0,36.0,4.0,40.0,47.0
2008-03-10,2008-03-10 08:15:00-04:00,OS,ODR,1296.25,1297.25,1295.25,1295.75,1.0,0.0,0.0,0.0,0.0,0.5,0.0,0.0,0.0,-0.33,long,True,False,0.86,-0.19,51.0,36.0,4.0,40.0,47.0
2008-03-10,2008-03-10 08:20:00-04:00,OS,ODR,1296.0,1296.25,1294.75,1295.25,1.0,0.0,0.0,0.0,0.0,0.5,0.0,0.0,0.0,-0.33,long,True,False,0.86,-0.19,52.0,36.0,4.0,40.0,47.0
2008-03-10,2008-03-10 08:25:00-04:00,OS,ODR,1295.25,1296.0,1294.75,1296.0,1.0,0.0,0.0,0.0,0.0,0.5,0.0,0.0,0.0,-0.33,long,True,False,0.86,-0.19,53.0,36.0,4.0,40.0,47.0
2008-03-10,2008-03-10 08:30:00-04:00,OS,ODR,1296.0,1297.25,1295.25,1296.5,1.0,0.0,0.0,0.0,0.0,0.5,0.0,0.0,0.0,-0.33,long,True,False,0.86,-0.19,54.0,36.0,4.0,40.0,47.0
2008-03-10,2008-03-10 08:35:00-04:00,OS,ODR,1296.75,1296.75,1293.75,1293.75,1.0,0.0,0.0,0.0,0.0,0.5,0.0,0.0,0.0,-0.33,long,True,False,0.86,-0.24,55.0,36.0,4.0,40.0,55.0
2008-03-10,2008-03-10 08:40:00-04:00,OS,ODR,1293.75,1293.75,1292.25,1293.75,1.0,0.0,0.0,0.0,0.0,0.5,0.0,0.0,0.0,-0.33,long,True,False,0.86,-0.52,56.0,36.0,4.0,40.0,56.0
2008-03-10,2008-03-10 08:45:00-04:00,OS,ODR,1294.0,1294.25,1293.25,1293.5,1.0,0.0,0.0,0.0,0.0,0.5,0.0,0.0,0.0,-0.33,long,True,False,0.86,-0.52,57.0,36.0,4.0,40.0,56.0
2008-03-10,2008-03-10 08:50:00-04:00,OS,ODR,1293.5,1295.25,1293.25,1294.75,1.0,0.0,0.0,0.0,0.0,0.5,0.0,0.0,0.0,-0.33,long,True,False,0.86,-0.52,58.0,36.0,4.0,40.0,56.0
2008-03-10,2008-03-10 08:55:00-04:00,OS,ODR,1294.75,1295.5,1294.75,1295.25,1.0,0.0,0.0,0.0,0.0,0.5,0.0,0.0,0.0,-0.33,long,True,False,0.86,-0.52,59.0,36.0,4.0,40.0,56.0
2008-03-10,2008-03-10 09:00:00-04:00,OS,ODR,1295.25,1296.25,1294.75,1295.75,1.0,0.0,0.0,0.0,0.0,0.5,0.0,0.0,0.0,-0.33,long,True,False,0.86,-0.52,60.0,36.0,4.0,40.0,56.0
2008-03-10,2008-03-10 09:05:00-04:00,OS,ODR,1295.75,1296.25,1294.5,1295.5,1.0,0.0,0.0,0.0,0.0,0.5,0.0,0.0,0.0,-0.33,long,True,False,0.86,-0.52,61.0,36.0,4.0,40.0,56.0
2008-03-10,2008-03-10 09:10:00-04:00,OS,ODR,1295.5,1296.0,1295.25,1295.5,1.0,0.0,0.0,0.0,0.0,0.5,0.0,0.0,0.0,-0.33,long,True,False,0.86,-0.52,62.0,36.0,4.0,40.0,56.0
2008-03-10,2008-03-10 09:15:00-04:00,OS,ODR,1295.5,1296.75,1295.25,1296.5,1.0,0.0,0.0,0.0,0.0,0.5,0.0,0.0,0.0,-0.33,long,True,False,0.86,-0.52,63.0,36.0,4.0,40.0,56.0
2008-03-10,2008-03-10 09:20:00-04:00,OS,ODR,1296.25,1296.5,1295.25,1295.5,1.0,0.0,0.0,0.0,0.0,0.5,0.0,0.0,0.0,-0.33,long,True,False,0.86,-0.52,64.0,36.0,4.0,40.0,56.0
2008-03-10,2008-03-10 09:25:00-04:00,OS,ODR,1295.5,1295.75,1294.25,1294.75,1.0,0.0,0.0,0.0,0.0,0.5,0.0,0.0,0.0,-0.33,long,True,False,0.86,-0.52,65.0,36.0,4.0,40.0,56.0
2008-03-10,2008-03-10 09:30:00-04:00,RR,RDRRange,1294.75,1295.5,1291.25,1292.25,0.5,0.5,0.5,0.5,0.5,0.5,0.5,0.5,0.5,0.0,none,False,False,,,0.0,,5.0,,
2008-03-10,2008-03-10 09:35:00-04:00,RR,RDRRange,1292.0,1293.0,1289.5,1291.0,0.5,0.5,0.5,0.5,0.5,0.5,0.5,0.5,0.5,0.0,none,False,False,,,1.0,,5.0,,
2008-03-10,2008-03-10 09:40:00-04:00,RR,RDRRange,1290.75,1292.5,1289.0,1292.0,0.5,0.5,0.5,0.5,0.5,0.5,0.5,0.5,0.5,0.0,none,False,False,,,2.0,,5.0,,
2008-03-10,2008-03-10 09:45:00-04:00,RR,RDRRange,1291.75,1292.5,1289.75,1290.0,0.5,0.5,0.5,0.5,0.5,0.5,0.5,0.5,0.5,0.0,none,False,False,,,3.0,,5.0,,
2008-03-10,2008-03-10 09:50:00-04:00,RR,RDRRange,1289.75,1290.5,1287.75,1290.0,0.5,0.5,0.5,0.5,0.5,0.5,0.5,0.5,0.5,0.0,none,False,False,,,4.0,,5.0,,
2008-03-10,2008-03-10 09:55:00-04:00,RR,RDRRange,1290.0,1293.25,1289.25,1292.75,0.5,0.5,0.5,0.5,0.5,0.5,0.5,0.5,0.5,0.0,none,False,False,,,5.0,,5.0,,
2008-03-10,2008-03-10 10:00:00-04:00,RR,RDRRange,1293.0,1296.0,1291.0,1291.25,0.5,0.5,0.5,0.5,0.5,0.5,0.5,0.5,0.5,0.0,none,False,False,,,6.0,,5.0,,
2008-03-10,2008-03-10 10:05:00-04:00,RR,RDRRange,1291.25,1292.25,1287.5,1289.0,0.5,0.5,0.5,0.5,0.5,0.5,0.5,0.5,0.5,0.0,none,False,False,,,7.0,,5.0,,
2008-03-10,2008-03-10 10:10:00-04:00,RR,RDRRange,1289.0,1291.25,1288.0,1290.25,0.5,0.5,0.5,0.5,0.5,0.5,0.5,0.5,0.5,0.0,none,False,False,,,8.0,,5.0,,
2008-03-10,2008-03-10 10:15:00-04:00,RR,RDRRange,1290.5,1292.0,1287.25,1288.25,0.5,0.5,0.5,0.5,0.5,0.5,0.5,0.5,0.5,0.0,none,False,False,,,9.0,,5.0,,
2008-03-10,2008-03-10 10:20:00-04:00,RR,RDRRange,1288.5,1288.75,1287.25,1288.0,0.5,0.5,0.5,0.5,0.5,0.5,0.5,0.5,0.5,0.0,none,False,False,,,10.0,,5.0,,
2008-03-10,2008-03-10 10:25:00-04:00,RR,RDRRange,1288.0,1290.25,1288.0,1289.25,0.3,0.65,0.5,0.5,0.5,0.5,0.5,0.5,0.5,-0.58,none,False,False,,,11.0,,5.0,,
2008-03-10,2008-03-10 10:30:00-04:00,RS,RDR,1289.5,1292.5,1289.5,1291.5,0.5,0.5,0.5,0.5,0.5,0.5,0.5,0.5,0.5,-0.58,none,False,False,,,0.0,,5.0,,
2008-03-10,2008-03-10 10:35:00-04:00,RS,RDR,1291.5,1293.75,1289.25,1291.75,0.5,0.5,0.5,0.5,0.5,0.5,0.5,0.5,0.5,-0.58,none,False,False,,,1.0,,5.0,,
2008-03-10,2008-03-10 10:40:00-04:00,RS,RDR,1292.0,1292.5,1288.75,1290.25,0.5,0.5,0.5,0.5,0.5,0.5,0.5,0.5,0.5,-0.58,none,False,False,,,2.0,,5.0,,
2008-03-10,2008-03-10 10:45:00-04:00,RS,RDR,1290.25,1294.25,1290.0,1292.5,0.5,0.5,0.5,0.5,0.5,0.5,0.5,0.5,0.5,-0.58,none,False,False,,,3.0,,5.0,,
2008-03-10,2008-03-10 10:50:00-04:00,RS,RDR,1292.5,1293.75,1291.75,1293.25,0.5,0.5,0.5,0.5,0.5,0.5,0.5,0.5,0.5,-0.58,none,False,False,,,4.0,,5.0,,
2008-03-10,2008-03-10 10:55:00-04:00,RS,RDR,1293.25,1293.5,1290.5,1291.0,0.5,0.5,0.5,0.5,0.5,0.5,0.5,0.5,0.5,-0.58,none,False,False,,,5.0,,5.0,,
2008-03-10,2008-03-10 11:00:00-04:00,RS,RDR,1291.0,1294.25,1290.5,1292.5,0.5,0.5,0.5,0.5,0.5,0.5,0.5,0.5,0.5,-0.58,none,False,False,,,6.0,,5.0,,
2008-03-10,2008-03-10 11:05:00-04:00,RS,RDR,1292.5,1293.5,1290.5,1291.0,0.5,0.5,0.5,0.5,0.5,0.5,0.5,0.5,0.5,-0.58,none,False,False,,,7.0,,5.0,,
2008-03-10,2008-03-10 11:10:00-04:00,RS,RDR,1290.75,1292.5,1289.25,1290.75,0.5,0.5,0.5,0.5,0.5,0.5,0.5,0.5,0.5,-0.58,none,False,False,,,8.0,,5.0,,
2008-03-10,2008-03-10 11:15:00-04:00,RS,RDR,1290.75,1291.0,1289.0,1289.5,0.5,0.5,0.5,0.5,0.5,0.5,0.5,0.5,0.5,-0.58,none,False,False,,,9.0,,5.0,,
2008-03-10,2008-03-10 11:20:00-04:00,RS,RDR,1289.75,1289.75,1285.75,1286.0,0.5,0.5,0.5,0.5,0.5,0.5,0.5,0.5,0.5,-0.58,short,True,False,,,10.0,10.0,5.0,,
2008-03-10,2008-03-10 11:25:00-04:00,RS,RDR,1286.0,1287.5,1284.0,1284.25,0.0,1.0,0.18,0.64,0.0,0.45,0.0,0.73,0.0,-0.58,short,True,False,0.84,0.11,11.0,10.0,5.0,11.0,11.0
2008-03-10,2008-03-10 11:30:00-04:00,RS,RDR,1284.5,1285.0,1283.0,1283.75,0.0,1.0,0.18,0.64,0.27,0.55,0.18,0.73,0.0,-0.58,short,True,False,1.05,0.11,12.0,10.0,5.0,12.0,11.0
2008-03-10,2008-03-10 11:35:00-04:00,RS,RDR,1283.75,1285.5,1282.5,1283.0,0.0,1.0,0.18,0.64,0.36,0.55,0.18,0.73,0.09,-0.58,short,True,False,1.16,0.11,13.0,10.0,5.0,13.0,11.0
2008-03-10,2008-03-10 11:40:00-04:00,RS,RDR,1282.75,1283.25,1280.5,1281.0,0.0,1.0,0.18,0.64,0.36,0.64,0.18,0.73,0.09,-0.58,short,True,False,1.58,0.11,14.0,10.0,5.0,14.0,11.0
2008-03-10,2008-03-10 11:45:00-04:00,RS,RDR,1280.75,1282.75,1278.75,1282.0,0.0,1.0,0.18,0.64,0.36,0.64,0.18,0.73,0.09,-0.58,short,True,False,1.95,0.11,15.0,10.0,5.0,15.0,11.0
2008-03-10,2008-03-10 11:50:00-04:00,RS,RDR,1281.75,1284.0,1281.5,1282.75,0.0,1.0,0.18,0.64,0.36,0.64,0.27,0.73,0.09,-0.58,short,True,False,1.95,0.11,16.0,10.0,5.0,15.0,11.0
2008-03-10,2008-03-10 11:55:00-04:00,RS,RDR,1282.75,1285.0,1282.0,1284.25,0.0,1.0,0.18,0.64,0.36,0.64,0.27,0.73,0.09,-0.58,short,True,False,1.95,0.11,17.0,10.0,5.0,15.0,11.0
2008-03-10,2008-03-10 12:00:00-04:00,RS,RDR,1284.5,1284.5,1279.0,1279.25,0.0,1.0,0.18,0.64,0.36,0.64,0.27,0.73,0.09,-0.58,short,True,False,1.95,0.11,18.0,10.0,5.0,15.0,11.0
2008-03-10,2008-03-10 12:05:00-04:00,RS,RDR,1279.25,1283.25,1278.25,1283.0,0.0,1.0,0.18,0.64,0.45,0.64,0.27,0.73,0.09,-0.58,short,True,False,2.05,0.11,19.0,10.0,5.0,19.0,11.0
2008-03-10,2008-03-10 12:10:00-04:00,RS,RDR,1283.25,1285.0,1282.5,1284.5,0.0,1.0,0.18,0.64,0.45,0.64,0.27,0.73,0.09,-0.58,short,True,False,2.05,0.11,20.0,10.0,5.0,19.0,11.0
2008-03-10,2008-03-10 12:15:00-04:00,RS,RDR,1284.25,1285.5,1282.0,1285.0,0.0,1.0,0.18,0.64,0.45,0.64,0.27,0.73,0.09,-0.58,short,True,False,2.05,0.11,21.0,10.0,5.0,19.0,11.0
2008-03-10,2008-03-10 12:20:00-04:00,RS,RDR,1285.0,1286.75,1284.5,1285.25,0.0,1.0,0.18,0.64,0.45,0.64,0.27,0.73,0.09,-0.58,short,True,False,2.05,0.11,22.0,10.0,5.0,19.0,11.0
2008-03-10,2008-03-10 12:25:00-04:00,RS,RDR,1285.25,1285.5,1281.5,1282.75,0.0,1.0,0.18,0.64,0.55,0.64,0.36,0.73,0.18,-0.58,short,True,False,2.05,0.11,23.0,10.0,5.0,19.0,11.0
2008-03-10,2008-03-10 12:30:00-04:00,RS,RDR,1282.5,1284.5,1281.5,1283.75,0.0,1.0,0.18,0.64,0.55,0.64,0.36,0.73,0.18,-0.58,short,True,False,2.05,0.11,24.0,10.0,5.0,19.0,11.0
2008-03-10,2008-03-10 12:35:00-04:00,RS,RDR,1284.0,1286.75,1283.75,1285.75,0.0,1.0,0.18,0.64,0.55,0.64,0.36,0.73,0.18,-0.58,short,True,False,2.05,0.11,25.0,10.0,5.0,19.0,11.0
2008-03-10,2008-03-10 12:40:00-04:00,RS,RDR,1286.0,1286.75,1285.0,1285.0,0.0,1.0,0.18,0.64,0.55,0.64,0.36,0.73,0.27,-0.58,short,True,False,2.05,0.11,26.0,10.0,5.0,19.0,11.0
2008-03-10,2008-03-10 12:45:00-04:00,RS,RDR,1285.0,1285.25,1283.0,1283.5,0.0,1.0,0.18,0.64,0.55,0.64,0.36,0.73,0.27,-0.58,short,True,False,2.05,0.11,27.0,10.0,5.0,19.0,11.0
2008-03-10,2008-03-10 12:50:00-04:00,RS,RDR,1283.25,1286.75,1282.75,1286.5,0.0,1.0,0.18,0.64,0.55,0.64,0.36,0.73,0.27,-0.58,short,True,False,2.05,0.11,28.0,10.0,5.0,19.0,11.0
2008-03-10,2008-03-10 12:55:00-04:00,RS,RDR,1286.5,1288.5,1285.5,1287.25,0.0,1.0,0.18,0.18,0.64,0.64,0.36,0.55,0.36,-0.58,short,True,False,2.05,-0.11,29.0,10.0,5.0,19.0,29.0
2008-03-10,2008-03-10 13:00:00-04:00,RS,RDR,1287.0,1288.0,1286.25,1287.0,0.0,1.0,0.18,0.18,0.73,0.64,0.36,0.55,0.45,-0.58,short,True,False,2.05,-0.11,30.0,10.0,5.0,19.0,29.0
2008-03-10,2008-03-10 13:05:00-04:00,RS,RDR,1287.0,1287.0,1285.0,1286.25,0.0,1.0,0.18,0.18,0.73,0.64,0.36,0.55,0.45,-0.58,short,True,False,2.05,-0.11,31.0,10.0,5.0,19.0,29.0
2008-03-10,2008-03-10 13:10:00-04:00,RS,RDR,1286.25,1287.25,1285.5,1286.25,0.0,1.0,0.18,0.18,0.82,0.64,0.36,0.55,0.55,-0.58,short,True,False,2.05,-0.11,32.0,10.0,5.0,19.0,29.0
2008-03-10,2008-03-10 13:15:00-04:00,RS,RDR,1286.0,1287.25,1285.0,1285.25,0.0,1.0,0.18,0.18,0.82,0.64,0.45,0.55,0.64,-0.58,short,True,False,2.05,-0.11,33.0,10.0,5.0,19.0,29.0
2008-03-10,2008-03-10 13:20:00-04:00,RS,RDR,1285.0,1285.25,1283.0,1283.75,0.0,1.0,0.18,0.18,0.82,0.64,0.45,0.55,0.64,-0.58,short,True,False,2.05,-0.11,34.0,10.0,5.0,19.0,29.0
2008-03-10,2008-03-10 13:25:00-04:00,RS,RDR,1283.75,1284.25,1282.0,1282.75,0.0,1.0,0.18,0.18,0.82,0.64,0.45,0.55,0.64,-0.58,short,True,False,2.05,-0.11,35.0,10.0,5.0,19.0,29.0
2008-03-10,2008-03-10 13:30:00-04:00,RS,RDR,1282.5,1284.5,1281.5,1283.0,0.0,1.0,0.18,0.18,0.82,0.64,0.45,0.55,0.64,-0.58,short,True,False,2.05,-0.11,36.0,10.0,5.0,19.0,29.0
2008-03-10,2008-03-10 13:35:00-04:00,RS,RDR,1282.75,1283.25,1281.0,1281.75,0.0,1.0,0.18,0.18,0.82,0.64,0.45,0.55,0.64,-0.58,short,True,False,2.05,-0.11,37.0,10.0,5.0,19.0,29.0
2008-03-10,2008-03-10 13:40:00-04:00,RS,RDR,1281.5,1283.25,1281.5,1283.0,0.0,1.0,0.18,0.18,0.82,0.64,0.45,0.55,0.64,-0.58,short,True,False,2.05,-0.11,38.0,10.0,5.0,19.0,29.0
2008-03-10,2008-03-10 13:45:00-04:00,RS,RDR,1283.25,1283.5,1281.25,1281.5,0.0,1.0,0.18,0.18,0.82,0.64,0.45,0.55,0.64,-0.58,short,True,False,2.05,-0.11,39.0,10.0,5.0,19.0,29.0
2008-03-10,2008-03-10 13:50:00-04:00,RS,RDR,1281.5,1283.5,1281.5,1282.0,0.0,1.0,0.18,0.18,0.91,0.64,0.45,0.55,0.64,-0.58,short,True,False,2.05,-0.11,40.0,10.0,5.0,19.0,29.0
2008-03-10,2008-03-10 13:55:00-04:00,RS,RDR,1282.0,1282.25,1279.5,1279.75,0.0,1.0,0.18,0.18,0.91,0.64,0.45,0.55,0.64,-0.58,short,True,False,2.05,-0.11,41.0,10.0,5.0,19.0,29.0
2008-03-10,2008-03-10 14:00:00-04:00,RS,RDR,1279.75,1281.25,1277.25,1278.25,0.0,1.0,0.18,0.18,0.91,0.73,0.45,0.55,0.64,-0.58,short,True,False,2.26,-0.11,42.0,10.0,5.0,42.0,29.0
2008-03-10,2008-03-10 14:05:00-04:00,RS,RDR,1278.0,1279.5,1276.5,1277.0,0.0,1.0,0.18,0.18,0.91,0.82,0.45,0.55,0.64,-0.58,short,True,False,2.42,-0.11,43.0,10.0,5.0,43.0,29.0
2008-03-10,2008-03-10 14:10:00-04:00,RS,RDR,1277.0,1280.25,1276.75,1279.25,0.0,1.0,0.18,0.18,0.91,0.82,0.45,0.55,0.64,-0.58,short,True,False,2.42,-0.11,44.0,10.0,5.0,43.0,29.0
2008-03-10,2008-03-10 14:15:00-04:00,RS,RDR,1279.5,1280.5,1276.75,1277.25,0.0,1.0,0.18,0.18,0.91,0.82,0.45,0.55,0.64,-0.58,short,True,False,2.42,-0.11,45.0,10.0,5.0,43.0,29.0
2008-03-10,2008-03-10 14:20:00-04:00,RS,RDR,1277.5,1277.5,1273.5,1274.25,0.0,1.0,0.18,0.18,0.91,0.82,0.45,0.55,0.64,-0.58,short,True,False,3.05,-0.11,46.0,10.0,5.0,46.0,29.0
2008-03-10,2008-03-10 14:25:00-04:00,RS,RDR,1274.0,1277.5,1272.5,1276.75,0.0,1.0,0.18,0.18,0.91,0.82,0.45,0.55,0.64,-0.58,short,True,False,3.26,-0.11,47.0,10.0,5.0,47.0,29.0
2008-03-10,2008-03-10 14:30:00-04:00,RS,RDR,1276.75,1278.75,1275.5,1278.5,0.0,1.0,0.18,0.18,0.91,0.82,0.55,0.55,0.64,-0.58,short,True,False,3.26,-0.11,48.0,10.0,5.0,47.0,29.0
2008-03-10,2008-03-10 14:35:00-04:00,RS,RDR,1278.5,1280.75,1277.0,1279.5,0.0,1.0,0.18,0.18,0.91,0.82,0.55,0.55,0.64,-0.58,short,True,False,3.26,-0.11,49.0,10.0,5.0,47.0,29.0
2008-03-10,2008-03-10 14:40:00-04:00,RS,RDR,1279.75,1279.75,1277.5,1277.5,0.0,1.0,0.18,0.18,0.91,0.82,0.55,0.55,0.73,-0.58,short,True,False,3.26,-0.11,50.0,10.0,5.0,47.0,29.0
2008-03-10,2008-03-10 14:45:00-04:00,RS,RDR,1277.75,1278.5,1276.5,1277.5,0.0,1.0,0.18,0.18,0.91,0.82,0.55,0.55,0.73,-0.58,short,True,False,3.26,-0.11,51.0,10.0,5.0,47.0,29.0
2008-03-10,2008-03-10 14:50:00-04:00,RS,RDR,1277.75,1279.5,1277.5,1278.5,0.0,1.0,0.18,0.18,0.91,0.82,0.55,0.55,0.73,-0.58,short,True,False,3.26,-0.11,52.0,10.0,5.0,47.0,29.0
2008-03-10,2008-03-10 14:55:00-04:00,RS,RDR,1278.5,1279.0,1275.75,1276.5,0.0,1.0,0.18,0.18,0.91,0.82,0.64,0.55,0.73,-0.58,short,True,False,3.26,-0.11,53.0,10.0,5.0,47.0,29.0
2008-03-10,2008-03-10 15:00:00-04:00,RS,RDR,1276.5,1277.75,1274.5,1275.75,0.0,1.0,0.18,0.18,0.91,0.82,0.64,0.55,0.73,-0.58,short,True,False,3.26,-0.11,54.0,10.0,5.0,47.0,29.0
2008-03-10,2008-03-10 15:05:00-04:00,RS,RDR,1276.0,1277.25,1274.5,1276.75,0.0,1.0,0.18,0.18,0.91,0.82,0.64,0.55,0.73,-0.58,short,True,False,3.26,-0.11,55.0,10.0,5.0,47.0,29.0
2008-03-10,2008-03-10 15:10:00-04:00,RS,RDR,1276.75,1278.0,1274.25,1275.75,0.0,1.0,0.18,0.18,0.91,0.82,0.64,0.55,0.73,-0.58,short,True,False,3.26,-0.11,56.0,10.0,5.0,47.0,29.0
2008-03-10,2008-03-10 15:15:00-04:00,RS,RDR,1276.0,1276.75,1274.25,1276.25,0.0,1.0,0.18,0.18,0.91,0.82,0.64,0.55,0.73,-0.58,short,True,False,3.26,-0.11,57.0,10.0,5.0,47.0,29.0
2008-03-10,2008-03-10 15:20:00-04:00,RS,RDR,1276.0,1279.0,1274.75,1276.75,0.0,1.0,0.18,0.18,0.91,0.82,0.73,0.55,0.73,-0.58,short,True,False,3.26,-0.11,58.0,10.0,5.0,47.0,29.0
2008-03-10,2008-03-10 15:25:00-04:00,RS,RDR,1276.5,1279.25,1275.25,1278.75,0.0,1.0,0.18,0.18,0.91,0.82,0.73,0.55,0.73,-0.58,short,True,False,3.26,-0.11,59.0,10.0,5.0,47.0,29.0
2008-03-10,2008-03-10 15:30:00-04:00,RS,RDR,1278.75,1279.75,1276.25,1279.0,0.0,1.0,0.18,0.18,0.91,0.82,0.82,0.55,0.73,-0.58,short,True,False,3.26,-0.11,60.0,10.0,5.0,47.0,29.0
2008-03-10,2008-03-10 15:35:00-04:00,RS,RDR,1279.0,1279.25,1276.25,1276.5,0.0,1.0,0.18,0.18,0.91,0.82,0.82,0.55,0.73,-0.58,short,True,False,3.26,-0.11,61.0,10.0,5.0,47.0,29.0
2008-03-10,2008-03-10 15:40:00-04:00,RS,RDR,1276.5,1277.0,1273.5,1276.25,0.0,1.0,0.18,0.18,0.91,0.82,0.82,0.55,0.73,-0.58,short,True,False,3.26,-0.11,62.0,10.0,5.0,47.0,29.0
2008-03-10,2008-03-10 15:45:00-04:00,RS,RDR,1276.5,1276.5,1273.75,1275.0,0.0,1.0,0.18,0.18,0.91,0.82,0.82,0.55,0.82,-0.58,short,True,False,3.26,-0.11,63.0,10.0,5.0,47.0,29.0
2008-03-10,2008-03-10 15:50:00-04:00,RS,RDR,1274.75,1275.0,1272.75,1273.5,0.0,1.0,0.18,0.18,0.91,0.82,0.91,0.55,0.82,-0.58,short,True,False,3.26,-0.11,64.0,10.0,5.0,47.0,29.0
2008-03-10,2008-03-10 15:55:00-04:00,RS,RDR,1273.5,1276.0,1273.5,1275.25,0.0,1.0,0.18,0.18,0.91,0.82,0.91,0.55,0.82,-0.58,short,True,False,3.26,-0.11,65.0,10.0,5.0,47.0,29.0
2008-03-10,2008-03-10 16:00:00-04:00,TOUT,TransOut,1275.25,1277.0,1274.75,1276.25,0.5,0.5,0.5,0.5,0.5,0.5,0.5,0.5,0.5,0.0,none,False,False,,,,,5.0,,
2008-03-10,2008-03-10 16:05:00-04:00,TOUT,TransOut,1276.5,1276.75,1275.25,1275.5,0.5,0.5,0.5,0.5,0.5,0.5,0.5,0.5,0.5,0.0,none,False,False,,,,,5.0,,
2008-03-10,2008-03-10 16:10:00-04:00,TOUT,TransOut,1275.5,1276.25,1275.25,1276.0,0.5,0.5,0.5,0.5,0.5,0.5,0.5,0.5,0.5,0.0,none,False,False,,,,,5.0,,
2008-03-10,2008-03-10 16:15:00-04:00,TOUT,TransOut,1276.0,1276.25,1276.0,1276.25,0.5,0.5,0.5,0.5,0.5,0.5,0.5,0.5,0.5,0.0,none,False,False,,,,,5.0,,
2008-03-10,2008-03-10 16:30:00-04:00,TOUT,TransOut,1276.5,1277.0,1273.75,1274.25,0.5,0.5,0.5,0.5,0.5,0.5,0.5,0.5,0.5,0.0,none,False,False,,,,,5.0,,
2008-03-10,2008-03-10 16:35:00-04:00,TOUT,TransOut,1274.0,1274.5,1273.0,1273.5,0.5,0.5,0.5,0.5,0.5,0.5,0.5,0.5,0.5,0.0,none,False,False,,,,,5.0,,
2008-03-10,2008-03-10 16:40:00-04:00,TOUT,TransOut,1273.5,1273.75,1272.75,1273.25,0.5,0.5,0.5,0.5,0.5,0.5,0.5,0.5,0.5,0.0,none,False,False,,,,,5.0,,
2008-03-10,2008-03-10 16:45:00-04:00,TOUT,TransOut,1273.25,1273.75,1273.0,1273.5,0.5,0.5,0.5,0.5,0.5,0.5,0.5,0.5,0.5,0.0,none,False,False,,,,,5.0,,
2008-03-10,2008-03-10 16:50:00-04:00,TOUT,TransOut,1273.25,1273.5,1272.25,1273.5,0.5,0.5,0.5,0.5,0.5,0.5,0.5,0.5,0.5,0.0,none,False,False,,,,,5.0,,
2008-03-10,2008-03-10 16:55:00-04:00,TOUT,TransOut,1273.5,1274.0,1273.25,1274.0,0.5,0.5,0.5,0.5,0.5,0.5,0.5,0.5,0.5,0.0,none,False,False,,,,,5.0,,
2008-03-10,2008-03-10 18:00:00-04:00,TA,TransAsia,1273.5,1274.25,1273.5,1274.0,0.5,0.5,0.5,0.5,0.5,0.5,0.5,0.5,0.5,0.0,none,False,False,,,,,5.0,,
2008-03-10,2008-03-10 18:05:00-04:00,TA,TransAsia,1273.75,1274.0,1273.25,1273.5,0.5,0.5,0.5,0.5,0.5,0.5,0.5,0.5,0.5,0.0,none,False,False,,,,,5.0,,
2008-03-10,2008-03-10 18:10:00-04:00,TA,TransAsia,1273.5,1274.0,1273.25,1273.25,0.5,0.5,0.5,0.5,0.5,0.5,0.5,0.5,0.5,0.0,none,False,False,,,,,5.0,,
2008-03-10,2008-03-10 18:15:00-04:00,TA,TransAsia,1273.5,1275.25,1273.25,1275.25,0.5,0.5,0.5,0.5,0.5,0.5,0.5,0.5,0.5,0.0,none,False,False,,,,,5.0,,
2008-03-10,2008-03-10 18:20:00-04:00,TA,TransAsia,1275.0,1275.5,1274.75,1274.75,0.5,0.5,0.5,0.5,0.5,0.5,0.5,0.5,0.5,0.0,none,False,False,,,,,5.0,,
2008-03-10,2008-03-10 18:25:00-04:00,TA,TransAsia,1274.75,1275.5,1274.75,1275.0,0.5,0.5,0.5,0.5,0.5,0.5,0.5,0.5,0.5,0.0,none,False,False,,,,,5.0,,
2008-03-10,2008-03-10 18:30:00-04:00,TA,TransAsia,1275.0,1275.25,1274.75,1275.0,0.5,0.5,0.5,0.5,0.5,0.5,0.5,0.5,0.5,0.0,none,False,False,,,,,5.0,,
2008-03-10,2008-03-10 18:35:00-04:00,TA,TransAsia,1274.75,1275.0,1274.75,1275.0,0.5,0.5,0.5,0.5,0.5,0.5,0.5,0.5,0.5,0.0,none,False,False,,,,,5.0,,
2008-03-10,2008-03-10 18:40:00-04:00,TA,TransAsia,1275.25,1275.5,1274.5,1274.5,0.5,0.5,0.5,0.5,0.5,0.5,0.5,0.5,0.5,0.0,none,False,False,,,,,5.0,,
2008-03-10,2008-03-10 18:45:00-04:00,TA,TransAsia,1274.5,1275.0,1274.5,1274.75,0.5,0.5,0.5,0.5,0.5,0.5,0.5,0.5,0.5,0.0,none,False,False,,,,,5.0,,
2008-03-10,2008-03-10 18:50:00-04:00,TA,TransAsia,1274.75,1274.75,1274.25,1274.5,0.5,0.5,0.5,0.5,0.5,0.5,0.5,0.5,0.5,0.0,none,False,False,,,,,5.0,,
2008-03-10,2008-03-10 18:55:00-04:00,TA,TransAsia,1274.5,1275.0,1274.5,1275.0,0.5,0.5,0.5,0.5,0.5,0.5,0.5,0.5,0.5,0.0,none,False,False,,,,,5.0,,
2008-03-10,2008-03-10 19:00:00-04:00,TA,TransAsia,1275.0,1275.5,1274.75,1275.0,0.5,0.5,0.5,0.5,0.5,0.5,0.5,0.5,0.5,0.0,none,False,False,,,,,5.0,,
2008-03-10,2008-03-10 19:05:00-04:00,TA,TransAsia,1275.0,1275.5,1274.75,1275.5,0.5,0.5,0.5,0.5,0.5,0.5,0.5,0.5,0.5,0.0,none,False,False,,,,,5.0,,
2008-03-10,2008-03-10 19:10:00-04:00,TA,TransAsia,1275.5,1275.5,1275.0,1275.25,0.5,0.5,0.5,0.5,0.5,0.5,0.5,0.5,0.5,0.0,none,False,False,,,,,5.0,,
2008-03-10,2008-03-10 19:15:00-04:00,TA,TransAsia,1275.25,1276.0,1275.25,1275.5,0.5,0.5,0.5,0.5,0.5,0.5,0.5,0.5,0.5,0.0,none,False,False,,,,,5.0,,
2008-03-10,2008-03-10 19:20:00-04:00,TA,TransAsia,1275.5,1275.75,1274.75,1274.75,0.5,0.5,0.5,0.5,0.5,0.5,0.5,0.5,0.5,0.0,none,False,False,,,,,5.0,,
2008-03-10,2008-03-10 19:25:00-04:00,TA,TransAsia,1274.75,1275.75,1274.75,1275.5,0.5,0.5,0.5,0.5,0.5,0.5,0.5,0.5,0.5,0.0,none,False,False,,,,,5.0,,
2008-03-10,2008-03-10 19:30:00-04:00,AR,AsiaRange,1275.5,1276.0,1275.5,1275.5,0.5,0.5,0.5,0.5,0.5,0.5,0.5,0.5,0.5,0.0,none,False,False,,,0.0,,5.0,,
2008-03-10,2008-03-10 19:35:00-04:00,AR,AsiaRange,1275.5,1275.5,1275.25,1275.25,0.5,0.5,0.5,0.5,0.5,0.5,0.5,0.5,0.5,0.0,none,False,False,,,1.0,,5.0,,
2008-03-10,2008-03-10 19:40:00-04:00,AR,AsiaRange,1275.5,1276.0,1274.75,1275.25,0.5,0.5,0.5,0.5,0.5,0.5,0.5,0.5,0.5,0.0,none,False,False,,,2.0,,5.0,,
2008-03-10,2008-03-10 19:45:00-04:00,AR,AsiaRange,1275.0,1275.0,1274.25,1274.5,0.5,0.5,0.5,0.5,0.5,0.5,0.5,0.5,0.5,0.0,none,False,False,,,3.0,,5.0,,
2008-03-10,2008-03-10 19:50:00-04:00,AR,AsiaRange,1274.75,1275.0,1274.0,1274.5,0.5,0.5,0.5,0.5,0.5,0.5,0.5,0.5,0.5,0.0,none,False,False,,,4.0,,5.0,,
2008-03-10,2008-03-10 19:55:00-04:00,AR,AsiaRange,1274.25,1274.75,1274.25,1274.75,0.5,0.5,0.5,0.5,0.5,0.5,0.5,0.5,0.5,0.0,none,False,False,,,5.0,,5.0,,
2008-03-10,2008-03-10 20:00:00-04:00,AR,AsiaRange,1275.0,1276.0,1275.0,1276.0,0.5,0.5,0.5,0.5,0.5,0.5,0.5,0.5,0.5,0.0,none,False,False,,,6.0,,5.0,,
2008-03-10,2008-03-10 20:05:00-04:00,AR,AsiaRange,1276.0,1276.0,1275.75,1275.75,0.5,0.5,0.5,0.5,0.5,0.5,0.5,0.5,0.5,0.0,none,False,False,,,7.0,,5.0,,
2008-03-10,2008-03-10 20:10:00-04:00,AR,AsiaRange,1276.0,1276.5,1275.5,1275.5,0.5,0.5,0.5,0.5,0.5,0.5,0.5,0.5,0.5,0.0,none,False,False,,,8.0,,5.0,,
2008-03-10,2008-03-10 20:15:00-04:00,AR,AsiaRange,1275.5,1276.5,1275.5,1276.0,0.5,0.5,0.5,0.5,0.5,0.5,0.5,0.5,0.5,0.0,none,False,False,,,9.0,,5.0,,
2008-03-10,2008-03-10 20:20:00-04:00,AR,AsiaRange,1276.25,1276.5,1276.0,1276.25,0.5,0.5,0.5,0.5,0.5,0.5,0.5,0.5,0.5,0.0,none,False,False,,,10.0,,5.0,,
2008-03-10,2008-03-10 20:25:00-04:00,AR,AsiaRange,1276.25,1276.25,1275.5,1276.0,0.9,0.1,0.5,0.5,0.5,0.5,0.5,0.5,0.5,0.29,none,False,False,,,11.0,,5.0,,
2008-03-10,2008-03-10 20:30:00-04:00,AS,Asia,1276.25,1277.0,1276.25,1276.5,0.5,0.5,0.5,0.5,0.5,0.5,0.5,0.5,0.5,0.29,none,False,False,,,0.0,,5.0,,
2008-03-10,2008-03-10 20:35:00-04:00,AS,Asia,1276.75,1276.75,1276.0,1276.25,0.5,0.5,0.5,0.5,0.5,0.5,0.5,0.5,0.5,0.29,none,False,False,,,1.0,,5.0,,
2008-03-10,2008-03-10 20:40:00-04:00,AS,Asia,1276.5,1277.0,1276.5,1276.75,0.5,0.5,0.5,0.5,0.5,0.5,0.5,0.5,0.5,0.29,long,True,False,,,2.0,2.0,5.0,,
2008-03-10,2008-03-10 20:45:00-04:00,AS,Asia,1277.0,1277.5,1277.0,1277.25,1.0,0.0,0.33,0.85,0.0,0.15,0.0,0.98,0.0,0.29,long,True,False,0.71,0.43,3.0,2.0,5.0,3.0,3.0
2008-03-10,2008-03-10 20:50:00-04:00,AS,Asia,1277.5,1277.75,1277.0,1277.0,1.0,0.0,0.33,0.85,0.48,0.2,0.22,0.98,0.15,0.29,long,True,False,0.86,0.43,4.0,2.0,5.0,4.0,3.0
2008-03-10,2008-03-10 20:55:00-04:00,AS,Asia,1277.25,1277.75,1276.5,1276.75,1.0,0.0,0.33,0.6,0.52,0.2,0.22,0.9,0.18,0.29,long,True,False,0.86,0.14,5.0,2.0,5.0,4.0,5.0
2008-03-10,2008-03-10 21:00:00-04:00,AS,Asia,1276.75,1277.0,1276.0,1276.75,1.0,0.0,0.33,0.38,0.57,0.2,0.25,0.75,0.2,0.29,long,True,False,0.86,-0.14,6.0,2.0,5.0,4.0,6.0
2008-03-10,2008-03-10 21:05:00-04:00,AS,Asia,1276.75,1277.0,1276.5,1277.0,1.0,0.0,0.33,0.38,0.65,0.2,0.28,0.75,0.22,0.29,long,True,False,0.86,-0.14,7.0,2.0,5.0,4.0,6.0
2008-03-10,2008-03-10 21:10:00-04:00,AS,Asia,1277.25,1277.75,1277.25,1277.5,1.0,0.0,0.33,0.38,0.72,0.2,0.3,0.75,0.25,0.29,long,True,False,0.86,-0.14,8.0,2.0,5.0,4.0,6.0
2008-03-10,2008-03-10 21:15:00-04:00,AS,Asia,1277.25,1278.0,1277.25,1277.5,1.0,0.0,0.33,0.38,0.72,0.25,0.35,0.75,0.25,0.29,long,True,False,1.0,-0.14,9.0,2.0,5.0,9.0,6.0
2008-03-10,2008-03-10 21:20:00-04:00,AS,Asia,1277.75,1278.75,1277.75,1278.5,1.0,0.0,0.33,0.38,0.75,0.45,0.38,0.75,0.28,0.29,long,True,False,1.43,-0.14,10.0,2.0,5.0,10.0,6.0
2008-03-10,2008-03-10 21:25:00-04:00,AS,Asia,1278.25,1278.75,1278.25,1278.75,1.0,0.0,0.33,0.38,0.8,0.45,0.38,0.75,0.3,0.29,long,True,False,1.43,-0.14,11.0,2.0,5.0,10.0,6.0
2008-03-10,2008-03-10 21:30:00-04:00,AS,Asia,1278.5,1278.75,1277.5,1278.0,1.0,0.0,0.33,0.38,0.82,0.45,0.4,0.75,0.32,0.29,long,True,False,1.43,-0.14,12.0,2.0,5.0,10.0,6.0
2008-03-10,2008-03-10 21:35:00-04:00,AS,Asia,1278.0,1278.25,1277.5,1278.0,1.0,0.0,0.33,0.38,0.85,0.45,0.4,0.75,0.35,0.29,long,True,False,1.43,-0.14,13.0,2.0,5.0,10.0,6.0
2008-03-10,2008-03-10 21:40:00-04:00,AS,Asia,1278.25,1278.75,1278.25,1278.5,1.0,0.0,0.33,0.38,0.85,0.45,0.4,0.75,0.35,0.29,long,True,False,1.43,-0.14,14.0,2.0,5.0,10.0,6.0
2008-03-10,2008-03-10 21:45:00-04:00,AS,Asia,1278.75,1279.5,1278.75,1279.25,1.0,0.0,0.33,0.38,0.85,0.55,0.4,0.75,0.35,0.29,long,True,False,1.86,-0.14,15.0,2.0,5.0,15.0,6.0
2008-03-10,2008-03-10 21:50:00-04:00,AS,Asia,1279.25,1281.25,1279.25,1280.75,1.0,0.0,0.33,0.38,0.85,0.82,0.42,0.75,0.35,0.29,long,True,False,2.86,-0.14,16.0,2.0,5.0,16.0,6.0
2008-03-10,2008-03-10 21:55:00-04:00,AS,Asia,1280.75,1281.25,1279.5,1279.75,1.0,0.0,0.33,0.38,0.88,0.82,0.45,0.75,0.38,0.29,long,True,False,2.86,-0.14,17.0,2.0,5.0,16.0,6.0
2008-03-10,2008-03-10 22:00:00-04:00,AS,Asia,1280.0,1280.75,1279.5,1279.75,1.0,0.0,0.33,0.38,0.88,0.82,0.45,0.75,0.38,0.29,long,True,False,2.86,-0.14,18.0,2.0,5.0,16.0,6.0
2008-03-10,2008-03-10 22:05:00-04:00,AS,Asia,1280.0,1280.5,1279.75,1280.25,1.0,0.0,0.33,0.38,0.88,0.82,0.48,0.75,0.4,0.29,long,True,False,2.86,-0.14,19.0,2.0,5.0,16.0,6.0
2008-03-10,2008-03-10 22:10:00-04:00,AS,Asia,1280.25,1281.5,1280.25,1280.5,1.0,0.0,0.33,0.38,0.88,0.82,0.5,0.75,0.4,0.29,long,True,False,3.0,-0.14,20.0,2.0,5.0,20.0,6.0
2008-03-10,2008-03-10 22:15:00-04:00,AS,Asia,1280.5,1280.75,1280.0,1280.5,1.0,0.0,0.33,0.38,0.88,0.82,0.52,0.75,0.4,0.29,long,True,False,3.0,-0.14,21.0,2.0,5.0,20.0,6.0
2008-03-10,2008-03-10 22:20:00-04:00,AS,Asia,1280.75,1281.5,1280.25,1280.5,1.0,0.0,0.33,0.38,0.88,0.82,0.55,0.75,0.4,0.29,long,True,False,3.0,-0.14,22.0,2.0,5.0,20.0,6.0
2008-03-10,2008-03-10 22:25:00-04:00,AS,Asia,1280.75,1281.0,1280.0,1280.75,1.0,0.0,0.33,0.38,0.88,0.82,0.57,0.75,0.4,0.29,long,True,False,3.0,-0.14,23.0,2.0,5.0,20.0,6.0
2008-03-10,2008-03-10 22:30:00-04:00,AS,Asia,1281.0,1281.25,1280.75,1280.75,1.0,0.0,0.33,0.38,0.9,0.82,0.6,0.75,0.4,0.29,long,True,False,3.0,-0.14,24.0,2.0,5.0,20.0,6.0
2008-03-10,2008-03-10 22:35:00-04:00,AS,Asia,1280.75,1280.75,1279.75,1280.0,1.0,0.0,0.33,0.38,0.9,0.82,0.6,0.75,0.4,0.29,long,True,False,3.0,-0.14,25.0,2.0,5.0,20.0,6.0
2008-03-10,2008-03-10 22:40:00-04:00,AS,Asia,1280.25,1280.75,1279.5,1280.0,1.0,0.0,0.33,0.38,0.9,0.82,0.6,0.75,0.4,0.29,long,True,False,3.0,-0.14,26.0,2.0,5.0,20.0,6.0
2008-03-10,2008-03-10 22:45:00-04:00,AS,Asia,1280.25,1280.5,1280.0,1280.0,1.0,0.0,0.33,0.38,0.92,0.82,0.6,0.75,0.42,0.29,long,True,False,3.0,-0.14,27.0,2.0,5.0,20.0,6.0
2008-03-10,2008-03-10 22:50:00-04:00,AS,Asia,1280.5,1280.75,1280.0,1280.0,1.0,0.0,0.33,0.38,0.92,0.82,0.6,0.75,0.42,0.29,long,True,False,3.0,-0.14,28.0,2.0,5.0,20.0,6.0
2008-03-10,2008-03-10 22:55:00-04:00,AS,Asia,1280.25,1280.5,1280.0,1280.0,1.0,0.0,0.33,0.38,0.95,0.82,0.6,0.75,0.48,0.29,long,True,False,3.0,-0.14,29.0,2.0,5.0,20.0,6.0
2008-03-10,2008-03-10 23:00:00-04:00,AS,Asia,1280.25,1280.75,1279.5,1279.75,1.0,0.0,0.33,0.38,0.95,0.82,0.6,0.75,0.48,0.29,long,True,False,3.0,-0.14,30.0,2.0,5.0,20.0,6.0
2008-03-10,2008-03-10 23:05:00-04:00,AS,Asia,1279.5,1280.0,1279.25,1279.25,1.0,0.0,0.33,0.38,0.95,0.82,0.6,0.75,0.48,0.29,long,True,False,3.0,-0.14,31.0,2.0,5.0,20.0,6.0
2008-03-10,2008-03-10 23:10:00-04:00,AS,Asia,1279.5,1280.25,1279.25,1280.0,1.0,0.0,0.33,0.38,0.95,0.82,0.62,0.75,0.48,0.29,long,True,False,3.0,-0.14,32.0,2.0,5.0,20.0,6.0
2008-03-10,2008-03-10 23:15:00-04:00,AS,Asia,1279.75,1280.0,1279.75,1280.0,1.0,0.0,0.33,0.38,0.95,0.82,0.62,0.75,0.48,0.29,long,True,False,3.0,-0.14,33.0,2.0,5.0,20.0,6.0
2008-03-10,2008-03-10 23:20:00-04:00,AS,Asia,1280.25,1280.25,1280.0,1280.25,1.0,0.0,0.33,0.38,0.98,0.82,0.65,0.75,0.5,0.29,long,True,False,3.0,-0.14,34.0,2.0,5.0,20.0,6.0
2008-03-10,2008-03-10 23:25:00-04:00,AS,Asia,1280.25,1280.25,1280.0,1280.25,1.0,0.0,0.33,0.38,0.98,0.82,0.68,0.75,0.52,0.29,long,True,False,3.0,-0.14,35.0,2.0,5.0,20.0,6.0
2008-03-10,2008-03-10 23:30:00-04:00,AS,Asia,1280.25,1280.5,1280.25,1280.5,1.0,0.0,0.33,0.38,0.98,0.82,0.7,0.75,0.52,0.29,long,True,False,3.0,-0.14,36.0,2.0,5.0,20.0,6.0
2008-03-10,2008-03-10 23:35:00-04:00,AS,Asia,1280.5,1280.5,1280.25,1280.25,1.0,0.0,0.33,0.38,0.98,0.82,0.7,0.75,0.55,0.29,long,True,False,3.0,-0.14,37.0,2.0,5.0,20.0,6.0
2008-03-10,2008-03-10 23:40:00-04:00,AS,Asia,1280.25,1280.5,1279.75,1279.75,1.0,0.0,0.33,0.38,0.98,0.82,0.7,0.75,0.55,0.29,long,True,False,3.0,-0.14,38.0,2.0,5.0,20.0,6.0
2008-03-10,2008-03-10 23:45:00-04:00,AS,Asia,1280.0,1280.0,1279.75,1279.75,1.0,0.0,0.33,0.38,0.98,0.82,0.7,0.75,0.57,0.29,long,True,False,3.0,-0.14,39.0,2.0,5.0,20.0,6.0
2008-03-10,2008-03-10 23:50:00-04:00,AS,Asia,1280.0,1280.25,1279.5,1279.5,1.0,0.0,0.33,0.38,0.98,0.82,0.7,0.75,0.57,0.29,long,True,False,3.0,-0.14,40.0,2.0,5.0,20.0,6.0
2008-03-10,2008-03-10 23:55:00-04:00,AS,Asia,1279.5,1279.75,1278.75,1279.5,1.0,0.0,0.33,0.38,0.98,0.82,0.75,0.75,0.57,0.29,long,True,False,3.0,-0.14,41.0,2.0,5.0,20.0,6.0
